Temperature,Vibration,RPM,Humidity,Power,Running_Hours,status,machineId,Health
15.51,0.0,0,60.52,0.0,16456.92,Stopped,,
44.82,1.41,1595,56.93,5.3,1656.54,Running,,
15.11,0.0,0,64.01,0.0,15936.7,Stopped,,
23.92,0.0,0,50.14,0.0,16457.95,Stopped,,
69.82,4.94,2118,65.39,8.66,8239.04,Maintenance,,
29.97,1.07,1792,60.71,4.52,1181.73,Running,,
43.58,1.81,1477,44.91,3.64,659.33,Running,,
22.85,0.0,0,69.57,0.0,16507.19,Stopped,,
112.14,7.05,2584,70.81,10.98,19573.49,Critical,,
29.9,1.48,1519,46.92,4.37,572.45,Running,,
118.9,11.64,3219,86.15,11.37,13457.58,Critical,,
94.09,9.05,3377,78.11,11.32,16322.94,Critical,,
108.68,9.88,3279,77.46,11.9,19980.6,Critical,,
22.58,0.0,0,47.79,0.0,17224.92,Stopped,,
107.74,10.12,3245,86.88,11.24,13800.01,Critical,,
113.64,7.68,2506,80.01,11.26,14437.39,Critical,,
89.65,10.37,2633,70.64,12.42,13193.07,Critical,,
97.03,8.75,3134,78.71,12.26,17793.54,Critical,,
39.85,0.64,1624,62.05,3.33,2387.32,Running,,
68.56,4.05,2141,68.23,8.02,7526.31,Maintenance,,
44.58,2.17,1418,47.22,5.04,114.41,Running,M0001,90.52
40.46,1.48,1570,54.17,4.57,357.43,Running,M0002,92.81
39.47,1.55,1533,46.97,4.19,858.66,Running,M0003,95.06
41.79,1.67,1545,54.87,4.44,499.03,Running,M0004,93.13
38.68,1.72,1571,45.38,4.19,695.08,Running,M0005,94.93
44.89,1.97,1495,45.57,5.22,431.64,Running,M0006,89.97
37.84,1.15,1513,49.04,3.83,586.9,Running,M0007,97.04
35.4,1.05,1498,50.49,3.65,487.9,Running,M0008,99.41
39.66,1.44,1456,50.97,4.2,672.76,Running,M0009,95.27
42.39,1.6,1497,54.14,4.72,400.97,Running,M0010,92.02
33.76,1.32,1418,53.84,4.07,305.07,Running,M0011,99.13
40.02,1.66,1452,51.51,4.5,623.65,Running,M0012,92.34
39.52,2.09,1459,48.26,4.5,473.11,Running,M0013,92.1
36.77,1.49,1531,53.12,4.1,241.0,Running,M0014,97.72
40.0,1.74,1489,47.19,4.71,271.94,Running,M0015,93.88
43.48,1.74,1572,54.38,4.41,817.52,Running,M0016,91.01
51.41,2.84,1350,48.75,5.39,257.1,Maintenance,M0017,79.97
41.27,1.49,1450,53.58,4.42,876.43,Running,M0018,92.75
41.26,1.46,1574,48.12,4.18,423.99,Running,M0019,93.54
38.78,1.22,1418,52.65,4.19,425.34,Running,M0020,96.7
42.27,1.98,1491,52.36,4.71,803.69,Running,M0021,92.82
43.32,2.01,1407,54.51,4.19,242.13,Running,M0022,91.91
34.12,1.1,1460,51.8,4.43,477.83,Running,M0023,99.72
42.62,1.82,1496,53.24,4.55,106.71,Running,M0024,90.82
42.34,2.0,1385,52.72,4.69,666.08,Running,M0025,91.1
40.28,1.9,1465,52.13,4.35,506.65,Running,M0026,93.08
40.06,1.84,1391,48.84,4.72,204.02,Running,M0027,93.79
37.85,1.29,1501,50.38,4.43,476.49,Running,M0028,96.23
40.73,1.53,1522,52.78,4.57,983.05,Running,M0029,93.54
37.36,1.26,1508,50.99,4.55,307.34,Running,M0030,98.97
39.71,1.44,1461,51.98,4.51,356.12,Running,M0031,96.04
34.03,1.26,1537,52.17,3.66,402.47,Running,M0032,99.95
40.2,1.58,1533,53.44,4.5,960.95,Running,M0033,94.98
40.57,1.43,1567,53.93,4.3,917.28,Running,M0034,94.67
42.01,1.97,1547,46.69,4.58,579.25,Running,M0035,90.3
41.24,1.6,1432,46.63,4.9,913.44,Running,M0036,93.93
35.11,1.27,1438,48.95,3.97,719.1,Running,M0037,98.84
33.67,0.8,1423,52.12,3.89,900.51,Running,M0038,99.2
37.52,1.13,1423,52.51,4.17,481.86,Running,M0039,96.33
41.29,1.34,1466,50.32,4.72,775.95,Running,M0040,94.01
40.45,2.0,1533,49.58,4.97,731.25,Running,M0041,91.01
43.26,1.71,1555,47.37,4.19,438.08,Running,M0042,91.5
44.46,2.21,1492,48.93,5.27,241.67,Running,M0043,90.03
35.31,1.12,1476,51.33,4.13,556.39,Running,M0044,99.82
35.91,1.23,1416,45.69,4.3,866.76,Running,M0045,99.78
39.96,1.51,1431,46.97,4.98,895.3,Running,M0046,92.63
40.94,1.56,1527,54.8,4.72,402.73,Running,M0047,94.07
38.63,1.42,1548,48.35,4.52,494.27,Running,M0048,93.8
40.46,1.78,1379,48.64,4.29,254.89,Running,M0049,92.52
42.36,1.67,1490,49.42,4.83,697.7,Running,M0050,92.74
39.6,2.03,1391,51.45,4.71,446.95,Running,M0051,92.49
37.26,1.4,1467,54.08,4.22,570.59,Running,M0052,94.79
35.56,1.2,1406,52.43,4.57,885.39,Running,M0053,98.04
38.79,1.34,1571,45.09,4.4,954.64,Running,M0054,96.75
38.08,1.63,1427,49.83,3.91,144.39,Running,M0055,94.97
39.41,1.7,1400,46.17,3.92,626.79,Running,M0056,94.83
40.28,1.84,1435,47.51,4.11,629.0,Running,M0057,94.33
39.72,1.5,1428,47.44,4.26,394.27,Running,M0058,95.68
41.53,1.7,1427,50.43,4.19,437.27,Running,M0059,94.33
34.57,1.16,1452,48.44,4.3,847.86,Running,M0060,99.11
40.93,2.17,1412,49.23,4.52,722.53,Running,M0061,90.51
39.64,1.6,1533,52.51,4.66,178.48,Running,M0062,95.91
35.05,1.36,1550,49.35,4.5,181.17,Running,M0063,98.83
38.21,1.46,1429,48.64,3.94,418.76,Running,M0064,94.58
39.45,1.81,1405,48.34,4.58,188.64,Running,M0065,92.6
35.88,0.91,1565,49.93,4.48,321.76,Running,M0066,98.02
36.3,1.29,1536,48.69,4.22,923.07,Running,M0067,96.63
39.6,1.49,1573,54.86,4.33,549.82,Running,M0068,92.97
36.38,1.03,1466,54.95,3.94,173.65,Running,M0069,99.14
41.82,1.88,1379,49.55,4.62,984.87,Running,M0070,91.41
35.91,1.2,1404,47.11,4.39,517.19,Running,M0071,98.87
41.54,1.5,1467,46.58,4.96,109.7,Running,M0072,93.13
36.15,1.47,1508,47.11,3.87,270.22,Running,M0073,97.87
36.66,1.08,1417,49.93,4.33,579.32,Running,M0074,99.66
33.67,1.23,1457,50.11,3.93,953.98,Running,M0075,99.37
39.0,1.18,1509,54.88,4.13,995.9,Running,M0076,95.4
41.23,1.91,1465,53.29,4.57,940.64,Running,M0077,93.12
39.08,1.11,1526,53.36,4.59,386.98,Running,M0078,96.17
41.69,1.87,1418,46.64,4.23,747.88,Running,M0079,91.13
37.14,1.6,1557,52.91,4.37,301.89,Running,M0080,94.96
40.39,1.7,1575,51.78,4.89,507.23,Running,M0081,92.85
39.73,1.64,1463,46.98,4.15,523.72,Running,M0082,92.96
36.6,0.88,1526,51.38,4.36,255.42,Running,M0083,98.96
36.37,0.85,1473,51.32,4.27,762.79,Running,M0084,98.75
40.6,1.46,1420,52.9,4.04,340.82,Running,M0085,93.35
40.83,1.83,1571,46.47,4.26,269.14,Running,M0086,92.78
43.77,1.98,1539,54.02,4.34,769.87,Running,M0087,90.16
38.56,1.91,1490,47.61,4.86,640.26,Running,M0088,93.28
38.5,1.51,1576,46.22,4.07,440.84,Running,M0089,94.75
43.57,2.08,1448,51.68,5.18,408.09,Running,M0090,90.63
41.61,1.72,1415,50.1,4.71,982.0,Running,M0091,91.54
41.73,1.57,1407,54.6,4.51,291.77,Running,M0092,92.37
42.49,1.82,1522,48.95,5.19,492.2,Running,M0093,91.2
34.08,0.94,1555,50.41,3.59,177.3,Running,M0094,99.38
35.76,1.42,1449,45.27,3.64,172.32,Running,M0095,98.44
42.98,1.72,1396,53.4,4.85,708.13,Running,M0096,90.18
37.18,0.9,1451,46.67,3.81,684.32,Running,M0097,98.76
40.53,1.96,1520,51.3,4.77,962.7,Running,M0098,90.93
37.22,1.29,1534,48.55,3.84,945.14,Running,M0099,98.04
36.46,1.28,1492,50.86,4.03,376.49,Running,M0100,96.58
40.75,1.98,1405,52.66,4.29,115.41,Running,M0001,90.48
40.93,1.68,1482,52.47,4.09,358.43,Running,M0002,92.76
39.05,1.2,1501,48.52,3.99,859.66,Running,M0003,95.04
38.97,1.69,1405,49.78,4.28,500.03,Running,M0004,93.12
39.39,1.23,1545,46.16,4.88,696.08,Running,M0005,94.9
42.97,2.17,1458,45.25,4.96,432.64,Running,M0006,89.95
38.08,1.07,1475,45.04,4.06,587.9,Running,M0007,97.03
35.51,1.34,1508,49.15,3.95,488.9,Running,M0008,99.4
38.36,1.72,1407,50.62,4.8,673.76,Running,M0009,95.22
43.32,1.95,1436,48.6,5.13,401.97,Running,M0010,91.99
33.98,1.35,1397,47.23,4.08,306.07,Running,M0011,99.12
40.98,1.9,1536,54.52,4.31,624.65,Running,M0012,92.33
39.65,1.98,1394,48.1,4.73,474.11,Running,M0013,92.06
34.85,1.37,1561,54.14,3.86,242.0,Running,M0014,97.72
39.37,1.67,1543,52.59,4.18,272.94,Running,M0015,93.87
42.15,1.72,1432,51.72,4.78,818.52,Running,M0016,91.01
52.68,3.16,1532,51.55,5.3,258.1,Maintenance,M0017,79.96
40.91,1.63,1574,52.32,4.9,877.43,Running,M0018,92.71
40.27,1.79,1482,49.89,4.97,424.99,Running,M0019,93.53
36.31,1.21,1558,53.17,4.76,426.34,Running,M0020,96.69
41.16,1.42,1570,49.1,4.98,804.69,Running,M0021,92.81
40.36,1.77,1502,54.85,4.15,243.13,Running,M0022,91.9
34.39,0.8,1583,50.7,3.88,478.83,Running,M0023,99.71
42.84,1.98,1538,45.35,5.14,107.71,Running,M0024,90.8
40.63,1.69,1480,54.96,4.49,667.08,Running,M0025,91.04
42.53,1.81,1561,50.99,4.16,507.65,Running,M0026,93.05
38.91,1.77,1575,54.63,4.87,205.02,Running,M0027,93.75
37.01,1.54,1432,45.79,4.6,477.49,Running,M0028,96.23
40.05,1.55,1407,45.13,4.95,984.05,Running,M0029,93.53
35.87,1.15,1493,51.22,3.74,308.34,Running,M0030,98.96
40.01,1.4,1575,46.47,4.7,357.12,Running,M0031,96.03
35.05,1.26,1447,47.4,4.49,403.47,Running,M0032,99.92
50.72,3.03,1445,53.59,5.15,961.95,Maintenance,M0033,79.67
37.54,1.68,1581,51.2,4.15,918.28,Running,M0034,94.67
43.16,2.19,1412,45.05,5.15,580.25,Running,M0035,90.25
40.56,1.4,1550,50.08,4.62,914.44,Running,M0036,93.92
34.06,1.26,1467,52.34,4.33,720.1,Running,M0037,98.83
35.14,1.33,1442,45.66,4.09,901.51,Running,M0038,99.17
37.88,1.56,1463,54.95,4.57,482.86,Running,M0039,96.32
38.57,1.83,1475,45.07,4.02,776.95,Running,M0040,93.97
42.59,1.96,1488,50.65,4.25,732.25,Running,M0041,90.98
41.68,1.85,1393,46.15,4.54,439.08,Running,M0042,91.46
42.35,1.75,1393,49.76,4.43,242.67,Running,M0043,90.03
34.04,1.15,1524,50.19,4.43,557.39,Running,M0044,99.81
33.46,0.91,1484,52.43,4.08,867.76,Running,M0045,99.75
38.99,1.53,1423,49.54,5.04,896.3,Running,M0046,92.57
51.73,3.25,1457,49.19,5.86,403.73,Running,M0047,80.27
39.59,1.85,1506,46.9,4.48,495.27,Running,M0048,93.78
40.98,1.56,1400,54.2,4.4,255.89,Running,M0049,92.51
41.16,1.97,1509,46.2,4.86,698.7,Running,M0050,92.71
39.88,1.67,1564,52.33,4.91,447.95,Running,M0051,92.46
39.32,1.43,1415,54.21,4.73,571.59,Running,M0052,94.76
37.98,1.47,1529,50.98,4.12,886.39,Running,M0053,98.03
37.66,1.6,1433,46.08,4.53,955.64,Running,M0054,96.73
38.71,1.21,1572,46.19,4.47,145.39,Running,M0055,94.95
40.98,1.67,1427,47.21,4.21,627.79,Running,M0056,94.82
40.61,1.67,1521,54.9,4.49,630.0,Running,M0057,94.32
37.56,1.34,1435,45.77,4.6,395.27,Running,M0058,95.67
41.35,1.58,1454,54.65,4.07,438.27,Running,M0059,94.33
37.44,0.91,1414,49.46,3.83,848.86,Running,M0060,99.1
43.32,2.18,1515,51.37,4.65,723.53,Running,M0061,90.48
38.24,1.43,1543,47.84,4.74,179.48,Running,M0062,95.9
37.59,1.22,1469,54.13,4.47,182.17,Running,M0063,98.81
40.25,1.75,1448,46.2,4.11,419.76,Running,M0064,94.53
42.3,1.64,1565,48.25,4.13,189.64,Running,M0065,92.59
38.38,1.3,1451,54.33,4.45,322.76,Running,M0066,98.02
37.51,1.47,1522,50.68,4.61,924.07,Running,M0067,96.63
39.42,1.75,1379,54.97,5.04,550.82,Running,M0068,92.92
35.13,0.97,1534,49.18,4.33,174.65,Running,M0069,99.13
40.79,1.7,1495,50.89,4.26,985.87,Running,M0070,91.39
36.86,1.14,1402,49.55,3.61,518.19,Running,M0071,98.81
41.96,1.91,1445,54.77,5.05,110.7,Running,M0072,93.08
38.05,1.34,1548,45.88,4.12,271.22,Running,M0073,97.82
36.52,1.2,1570,50.65,4.1,580.32,Running,M0074,99.6
35.11,1.06,1555,47.9,3.73,954.98,Running,M0075,99.35
37.6,1.55,1536,45.21,4.19,996.9,Running,M0076,95.39
39.57,1.78,1492,51.5,4.15,941.64,Running,M0077,93.11
39.4,1.66,1531,52.01,3.94,387.98,Running,M0078,96.1
43.66,2.07,1535,52.22,4.86,748.88,Running,M0079,91.11
37.2,1.74,1560,51.01,4.31,302.89,Running,M0080,94.95
39.5,1.75,1439,52.5,4.74,508.23,Running,M0081,92.85
40.39,1.77,1411,47.07,5.0,524.72,Running,M0082,92.95
36.36,1.28,1470,45.05,4.49,256.42,Running,M0083,98.95
34.25,1.21,1493,51.82,4.25,763.79,Running,M0084,98.71
41.41,1.7,1578,50.23,4.25,341.82,Running,M0085,93.32
41.15,1.75,1392,46.51,4.64,270.14,Running,M0086,92.77
41.56,1.76,1421,50.27,5.24,770.87,Running,M0087,90.16
39.23,1.67,1392,48.85,4.38,641.26,Running,M0088,93.25
40.04,1.64,1466,51.62,4.92,441.84,Running,M0089,94.73
41.87,1.99,1475,46.7,4.89,409.09,Running,M0090,90.61
43.31,1.82,1506,54.39,4.45,983.0,Running,M0091,91.53
42.74,1.83,1379,51.57,4.16,292.77,Running,M0092,92.33
43.51,1.86,1550,49.2,4.29,493.2,Running,M0093,91.2
34.9,1.29,1419,51.32,4.47,178.3,Running,M0094,99.36
35.73,1.19,1398,46.94,3.72,173.32,Running,M0095,98.44
44.52,2.26,1413,50.2,4.35,709.13,Running,M0096,90.15
35.6,1.35,1417,50.24,3.99,685.32,Running,M0097,98.75
43.65,2.01,1549,46.0,4.4,963.7,Running,M0098,90.9
37.36,1.0,1586,48.92,3.86,946.14,Running,M0099,98.0
38.17,1.5,1516,51.7,4.17,377.49,Running,M0100,96.56
43.53,2.13,1504,52.01,4.83,116.41,Running,M0001,90.48
39.39,1.65,1395,51.93,4.63,359.43,Running,M0002,92.73
37.19,1.58,1536,52.15,4.24,860.66,Running,M0003,95.02
41.98,1.9,1481,51.66,4.99,501.03,Running,M0004,93.09
39.17,1.54,1534,50.15,4.79,697.08,Running,M0005,94.89
41.41,1.98,1535,54.55,4.42,433.64,Running,M0006,89.91
37.66,1.42,1540,48.75,4.26,588.9,Running,M0007,97.02
37.36,1.14,1574,47.59,4.19,489.9,Running,M0008,99.38
40.81,1.63,1550,46.99,4.35,674.76,Running,M0009,95.21
41.96,1.51,1422,52.05,4.49,402.97,Running,M0010,91.93
36.08,0.97,1514,51.92,3.72,307.07,Running,M0011,99.1
41.06,1.73,1568,45.64,4.16,625.65,Running,M0012,92.32
41.73,1.5,1402,47.52,4.86,475.11,Running,M0013,92.04
37.24,1.12,1498,49.68,4.09,243.0,Running,M0014,97.72
39.93,1.65,1535,50.18,4.59,273.94,Running,M0015,93.85
42.58,1.9,1425,54.8,4.38,819.52,Running,M0016,90.99
50.93,3.21,1503,45.87,5.44,259.1,Maintenance,M0017,79.92
39.76,1.58,1506,49.94,4.25,878.43,Running,M0018,92.68
38.5,1.72,1498,51.82,4.02,425.99,Running,M0019,93.5
37.16,1.62,1429,47.21,4.23,427.34,Running,M0020,96.65
39.89,1.54,1522,49.96,4.11,805.69,Running,M0021,92.8
42.55,1.93,1569,50.07,4.41,244.13,Running,M0022,91.87
35.95,1.08,1442,49.37,4.38,479.83,Running,M0023,99.66
43.49,2.12,1531,46.03,4.49,108.71,Running,M0024,90.78
40.27,1.77,1474,51.58,4.51,668.08,Running,M0025,90.99
40.09,1.64,1382,54.17,5.01,508.65,Running,M0026,93.0
41.19,1.86,1450,54.83,4.59,206.02,Running,M0027,93.71
38.98,1.34,1561,50.87,3.91,478.49,Running,M0028,96.17
41.24,1.42,1475,49.11,4.79,985.05,Running,M0029,93.52
37.17,0.91,1552,51.91,4.08,309.34,Running,M0030,98.95
48.24,2.62,1518,45.56,5.14,358.12,Running,M0031,85.27
34.49,0.9,1509,50.03,4.48,404.47,Running,M0032,99.88
51.56,2.74,1445,48.04,5.83,962.95,Maintenance,M0033,79.67
39.99,1.58,1485,45.2,4.89,919.28,Running,M0034,94.65
47.56,2.7,1541,54.78,5.18,581.25,Running,M0035,83.43
40.39,1.34,1406,50.25,4.88,915.44,Running,M0036,93.92
34.62,1.34,1462,46.21,3.94,721.1,Running,M0037,98.82
34.09,1.31,1565,52.13,4.14,902.51,Running,M0038,99.13
39.0,1.54,1558,48.01,4.54,483.86,Running,M0039,96.31
38.03,1.36,1517,45.85,4.49,777.95,Running,M0040,93.96
43.19,2.11,1562,51.78,4.86,733.25,Running,M0041,90.94
42.46,1.82,1444,47.94,4.46,440.08,Running,M0042,91.41
44.1,2.2,1382,54.84,5.17,243.67,Running,M0043,90.02
34.11,0.86,1404,45.24,4.35,558.39,Running,M0044,99.8
33.37,1.31,1457,53.55,4.11,868.76,Running,M0045,99.72
41.52,1.45,1475,52.97,4.73,897.3,Running,M0046,92.55
49.8,3.17,1391,50.31,5.34,404.73,Running,M0047,80.22
41.45,1.77,1443,51.08,4.74,496.27,Running,M0048,93.77
39.1,1.57,1423,48.54,4.9,256.89,Running,M0049,92.51
39.85,1.73,1571,45.4,4.83,699.7,Running,M0050,92.68
39.5,1.76,1525,53.6,4.21,448.95,Running,M0051,92.45
40.32,1.45,1429,49.3,4.32,572.59,Running,M0052,94.74
41.82,1.74,1431,48.71,4.37,887.39,Running,M0053,90.2
37.34,1.62,1525,54.81,4.25,956.64,Running,M0054,96.71
40.04,1.27,1447,46.52,4.78,146.39,Running,M0055,94.94
38.68,1.71,1413,51.07,4.82,628.79,Running,M0056,94.81
41.46,1.29,1497,49.05,4.82,631.0,Running,M0057,94.26
38.09,1.39,1538,51.95,4.5,396.27,Running,M0058,95.67
41.15,1.55,1395,52.9,4.6,439.27,Running,M0059,94.32
34.76,0.88,1530,46.06,3.7,849.86,Running,M0060,99.09
41.26,2.19,1413,48.68,4.57,724.53,Running,M0061,90.44
38.91,1.5,1474,46.59,4.69,180.48,Running,M0062,95.89
34.02,1.33,1545,52.6,4.39,183.17,Running,M0063,98.81
41.07,1.66,1428,52.49,4.93,420.76,Running,M0064,94.52
39.39,1.69,1556,50.26,4.69,190.64,Running,M0065,92.57
38.54,1.49,1492,49.24,4.3,323.76,Running,M0066,98.02
37.92,1.4,1465,53.97,4.44,925.07,Running,M0067,96.62
41.16,1.87,1561,46.79,4.67,551.82,Running,M0068,92.86
35.85,1.15,1410,51.16,4.54,175.65,Running,M0069,99.06
40.79,1.95,1516,49.19,4.3,986.87,Running,M0070,91.34
35.01,1.35,1505,46.59,4.57,519.19,Running,M0071,98.8
40.1,1.77,1524,47.91,4.91,111.7,Running,M0072,93.05
38.03,1.5,1501,52.29,4.41,272.22,Running,M0073,97.82
36.91,1.0,1547,46.86,3.55,581.32,Running,M0074,99.57
34.31,0.97,1525,52.09,4.06,955.98,Running,M0075,99.31
38.14,1.74,1411,50.54,4.03,997.9,Running,M0076,95.37
39.93,1.88,1551,47.62,4.99,942.64,Running,M0077,93.1
40.11,1.29,1555,53.71,4.5,388.98,Running,M0078,96.03
42.83,1.7,1427,51.21,4.84,749.88,Running,M0079,91.07
39.17,1.38,1474,53.74,4.54,303.89,Running,M0080,94.89
42.56,1.52,1491,54.13,4.08,509.23,Running,M0081,92.82
40.43,1.69,1485,52.21,4.07,525.72,Running,M0082,92.93
33.96,1.01,1407,52.43,4.22,257.42,Running,M0083,98.93
36.83,1.39,1414,45.96,4.23,764.79,Running,M0084,98.7
39.97,1.76,1567,54.03,5.03,342.82,Running,M0085,93.3
42.41,1.66,1418,52.08,4.26,271.14,Running,M0086,92.75
42.72,1.79,1488,45.41,4.78,771.87,Running,M0087,90.16
40.31,1.41,1570,53.02,4.93,642.26,Running,M0088,93.24
39.06,1.61,1561,48.2,4.2,442.84,Running,M0089,94.73
43.46,1.8,1484,46.05,4.85,410.09,Running,M0090,90.58
40.0,1.61,1389,50.86,4.5,984.0,Running,M0091,91.52
40.24,1.93,1438,54.47,4.23,293.77,Running,M0092,92.31
41.66,1.8,1404,49.6,4.43,494.2,Running,M0093,91.2
33.6,1.19,1432,51.97,4.06,179.3,Running,M0094,99.34
37.26,1.0,1479,46.26,4.18,174.32,Running,M0095,98.43
44.7,2.26,1475,47.56,4.54,710.13,Running,M0096,90.11
36.75,1.41,1485,51.46,4.4,686.32,Running,M0097,98.75
41.55,2.17,1442,46.47,4.52,964.7,Running,M0098,90.84
37.21,1.35,1538,51.69,4.08,947.14,Running,M0099,98.0
38.03,1.58,1441,48.76,4.76,378.49,Running,M0100,96.56
41.42,1.93,1426,53.92,5.08,117.41,Running,M0001,90.45
41.54,1.53,1542,47.64,4.99,360.43,Running,M0002,92.7
38.38,1.58,1518,46.4,4.62,861.66,Running,M0003,95.01
42.19,1.89,1448,50.58,4.14,502.03,Running,M0004,93.08
37.6,1.58,1562,49.58,4.76,698.08,Running,M0005,94.88
43.71,1.99,1521,50.54,4.85,434.64,Running,M0006,89.9
38.13,1.42,1507,47.95,4.38,589.9,Running,M0007,97.01
34.76,1.12,1581,54.63,3.88,490.9,Running,M0008,99.35
40.83,1.6,1571,53.79,4.16,675.76,Running,M0009,95.21
40.15,1.84,1429,49.01,4.34,403.97,Running,M0010,91.89
35.62,1.14,1520,54.51,3.71,308.07,Running,M0011,99.09
43.14,1.54,1544,50.95,4.98,626.65,Running,M0012,92.31
42.25,1.91,1497,50.27,5.06,476.11,Running,M0013,92.0
38.39,1.46,1518,50.82,4.59,244.0,Running,M0014,97.71
39.91,1.87,1448,52.21,4.71,274.94,Running,M0015,93.84
42.32,2.07,1381,52.09,4.62,820.52,Running,M0016,90.98
50.77,3.06,1367,48.54,5.82,260.1,Maintenance,M0017,79.89
41.89,1.96,1562,47.54,4.54,879.43,Running,M0018,92.65
40.59,1.78,1566,54.05,4.8,426.99,Running,M0019,93.48
38.98,1.37,1537,52.52,4.66,428.34,Running,M0020,96.65
40.76,1.62,1383,54.41,4.36,806.69,Running,M0021,92.79
40.66,2.0,1505,51.3,4.98,245.13,Running,M0022,91.82
35.28,1.3,1521,52.49,4.11,480.83,Running,M0023,99.63
43.9,2.06,1555,46.49,4.84,109.71,Running,M0024,90.75
41.97,1.65,1448,54.7,4.55,669.08,Running,M0025,90.94
41.8,1.69,1397,45.82,4.28,509.65,Running,M0026,92.96
41.0,1.48,1539,48.52,4.87,207.02,Running,M0027,93.67
36.95,1.5,1441,49.3,4.79,479.49,Running,M0028,96.15
40.68,1.71,1398,52.61,4.11,986.05,Running,M0029,93.51
34.17,1.34,1541,46.83,4.38,310.34,Running,M0030,98.94
45.22,2.2,1426,47.71,5.18,359.12,Running,M0031,85.25
34.92,0.76,1569,47.77,3.59,405.47,Running,M0032,99.88
66.04,4.48,1325,48.94,7.35,963.95,Maintenance,M0033,63.41
39.68,1.37,1390,52.8,4.34,920.28,Running,M0034,94.64
49.38,2.39,1438,54.82,4.93,582.25,Running,M0035,83.4
40.9,1.78,1577,45.62,4.69,916.44,Running,M0036,93.9
37.49,0.92,1450,47.0,4.28,722.1,Running,M0037,98.81
35.99,1.31,1431,50.73,4.01,903.51,Running,M0038,99.12
36.25,1.59,1450,51.5,4.73,484.86,Running,M0039,96.3
40.12,1.56,1492,45.07,4.26,778.95,Running,M0040,93.91
43.61,1.91,1565,52.82,4.38,734.25,Running,M0041,90.92
42.1,1.96,1542,49.85,4.44,441.08,Running,M0042,91.36
41.15,2.19,1452,48.43,5.29,244.67,Running,M0043,90.01
35.45,1.27,1486,46.77,4.49,559.39,Running,M0044,99.76
34.41,0.87,1399,46.57,3.75,869.76,Running,M0045,99.7
40.07,1.73,1460,53.73,4.25,898.3,Running,M0046,92.49
50.85,3.16,1521,47.46,5.9,405.73,Running,M0047,80.18
38.49,1.37,1470,53.94,4.41,497.27,Running,M0048,93.75
39.82,1.95,1449,49.16,4.4,257.89,Running,M0049,92.49
42.18,1.84,1500,45.79,4.61,700.7,Running,M0050,92.65
42.73,1.83,1530,52.14,4.18,449.95,Running,M0051,92.42
39.69,1.73,1547,47.56,4.23,573.59,Running,M0052,94.74
42.61,1.8,1445,50.73,4.88,888.39,Running,M0053,90.14
38.51,1.03,1499,50.25,3.91,957.64,Running,M0054,96.71
37.94,1.55,1425,48.34,4.05,147.39,Running,M0055,94.93
39.09,1.77,1460,49.34,4.25,629.79,Running,M0056,94.78
41.37,1.68,1448,49.5,4.87,632.0,Running,M0057,94.24
38.38,1.59,1515,54.85,4.33,397.27,Running,M0058,95.66
40.5,1.8,1389,49.08,4.52,440.27,Running,M0059,94.3
34.08,1.01,1457,52.76,4.39,850.86,Running,M0060,99.08
42.32,2.17,1460,51.27,5.24,725.53,Running,M0061,90.37
36.54,1.39,1541,51.37,3.99,181.48,Running,M0062,95.88
35.51,1.17,1535,54.86,3.99,184.17,Running,M0063,98.78
40.98,1.82,1383,49.87,4.28,421.76,Running,M0064,94.51
42.15,1.61,1537,54.7,4.39,191.64,Running,M0065,92.56
37.87,0.98,1427,45.71,3.92,324.76,Running,M0066,98.02
37.19,1.27,1556,51.92,4.61,926.07,Running,M0067,96.61
40.51,1.69,1462,45.53,4.92,552.82,Running,M0068,92.82
36.42,0.82,1596,54.5,4.33,176.65,Running,M0069,99.06
40.16,1.68,1491,54.98,4.88,987.87,Running,M0070,91.32
37.88,1.36,1411,46.51,4.52,520.19,Running,M0071,98.73
39.36,1.57,1410,52.29,4.86,112.7,Running,M0072,93.0
37.41,1.06,1435,48.6,4.52,273.22,Running,M0073,97.77
37.19,0.86,1580,54.38,3.86,582.32,Running,M0074,99.52
37.32,1.23,1419,51.88,4.35,956.98,Running,M0075,99.29
37.4,1.49,1432,49.32,3.92,998.9,Running,M0076,95.33
39.73,1.99,1465,52.46,4.9,943.64,Running,M0077,93.08
39.99,1.36,1429,50.61,4.18,389.98,Running,M0078,95.95
41.81,1.68,1496,48.95,4.85,750.88,Running,M0079,91.05
37.5,1.66,1554,49.96,4.29,304.89,Running,M0080,94.86
40.33,1.57,1552,52.8,4.54,510.23,Running,M0081,92.81
41.09,1.94,1388,52.79,4.38,526.72,Running,M0082,92.9
35.6,1.2,1527,53.13,3.93,258.42,Running,M0083,98.92
34.27,1.27,1564,49.74,4.15,765.79,Running,M0084,98.7
41.71,1.4,1453,50.92,4.96,343.82,Running,M0085,93.28
39.96,2.01,1500,49.7,4.2,272.14,Running,M0086,92.74
42.26,1.81,1449,45.45,4.85,772.87,Running,M0087,90.14
41.43,1.47,1450,47.12,4.08,643.26,Running,M0088,93.23
40.07,1.55,1532,53.85,4.83,443.84,Running,M0089,94.71
42.35,2.11,1503,49.82,4.27,411.09,Running,M0090,90.57
42.98,2.12,1561,47.25,5.04,985.0,Running,M0091,91.51
41.79,1.96,1419,50.79,4.18,294.77,Running,M0092,92.29
42.1,2.01,1436,45.45,5.02,495.2,Running,M0093,91.19
36.18,1.33,1477,49.51,4.3,180.3,Running,M0094,99.28
37.15,1.18,1584,49.02,4.28,175.32,Running,M0095,98.42
42.75,1.84,1558,53.8,5.09,711.13,Running,M0096,90.06
34.15,1.16,1429,49.27,4.51,687.32,Running,M0097,98.72
42.73,1.75,1556,49.24,4.91,965.7,Running,M0098,90.78
37.87,1.16,1471,50.97,3.93,948.14,Running,M0099,97.99
39.14,1.3,1410,47.87,3.84,379.49,Running,M0100,96.52
41.04,2.11,1497,51.73,4.66,118.41,Running,M0001,90.42
41.47,1.8,1413,46.2,4.12,361.43,Running,M0002,92.68
39.99,1.38,1435,48.94,4.13,862.66,Running,M0003,94.99
39.35,1.9,1382,52.17,4.79,503.03,Running,M0004,93.03
39.22,1.44,1575,47.97,4.62,699.08,Running,M0005,94.85
41.62,2.19,1411,48.65,4.99,435.64,Running,M0006,89.86
37.64,1.42,1439,49.12,4.37,590.9,Running,M0007,97.01
37.2,0.83,1490,48.97,4.18,491.9,Running,M0008,99.35
40.06,1.29,1549,52.77,4.7,676.76,Running,M0009,95.18
39.64,2.03,1554,48.06,4.4,404.97,Running,M0010,91.85
37.2,0.98,1511,52.83,3.75,309.07,Running,M0011,99.06
39.94,1.66,1443,53.12,5.07,627.65,Running,M0012,92.31
42.18,1.56,1409,51.86,5.1,477.11,Running,M0013,91.98
34.88,1.04,1469,49.43,4.29,245.0,Running,M0014,97.7
40.25,1.44,1549,53.94,4.35,275.94,Running,M0015,93.82
41.57,1.74,1424,48.3,4.92,821.52,Running,M0016,90.97
52.53,2.96,1487,45.24,5.27,261.1,Maintenance,M0017,79.86
42.05,1.48,1521,51.78,4.83,880.43,Running,M0018,92.65
42.07,1.38,1580,47.55,4.79,427.99,Running,M0019,93.47
36.59,1.37,1413,51.31,4.42,429.34,Running,M0020,96.63
41.98,1.46,1428,45.2,4.99,807.69,Running,M0021,92.78
43.14,1.86,1403,46.08,4.34,246.13,Running,M0022,91.78
36.09,1.07,1489,48.3,3.81,481.83,Running,M0023,99.62
41.54,2.13,1494,52.08,4.32,110.71,Running,M0024,90.73
42.53,1.63,1439,49.88,4.33,670.08,Running,M0025,90.9
42.06,1.74,1561,48.73,4.39,510.65,Running,M0026,92.93
40.85,1.87,1519,45.34,4.59,208.02,Running,M0027,93.62
38.37,1.45,1524,51.07,4.43,480.49,Running,M0028,96.12
38.79,1.83,1568,54.81,4.24,987.05,Running,M0029,93.51
48.56,2.38,1400,45.73,5.39,311.34,Running,M0030,84.96
47.69,2.48,1425,46.84,4.79,360.12,Running,M0031,85.22
35.1,0.9,1501,45.7,4.2,406.47,Running,M0032,99.86
64.24,4.58,1398,50.28,7.38,964.95,Maintenance,M0033,63.4
47.01,2.36,1416,46.99,4.82,921.28,Running,M0034,83.74
48.16,2.78,1527,46.21,5.43,583.25,Running,M0035,83.36
41.54,1.33,1485,50.44,4.04,917.44,Running,M0036,93.88
35.74,1.4,1596,48.06,3.86,723.1,Running,M0037,98.81
37.31,0.97,1593,53.78,4.52,904.51,Running,M0038,99.1
39.84,1.64,1452,51.41,4.4,485.86,Running,M0039,96.28
40.47,1.87,1549,45.45,4.94,779.95,Running,M0040,93.9
44.21,2.01,1513,51.54,4.76,735.25,Running,M0041,90.89
43.76,1.58,1567,53.37,4.87,442.08,Running,M0042,91.35
43.03,2.04,1406,52.65,4.91,245.67,Running,M0043,90.0
35.34,0.72,1585,50.8,3.86,560.39,Running,M0044,99.75
34.29,1.05,1497,49.24,4.14,870.76,Running,M0045,99.68
42.31,1.89,1454,51.48,4.76,899.3,Running,M0046,92.44
52.27,2.9,1504,47.92,5.89,406.73,Running,M0047,80.16
39.57,1.88,1547,53.39,4.52,498.27,Running,M0048,93.74
40.07,1.64,1562,52.69,4.53,258.89,Running,M0049,92.48
42.18,1.86,1507,52.67,4.88,701.7,Running,M0050,92.61
40.31,1.59,1395,48.23,4.83,450.95,Running,M0051,92.38
40.79,1.27,1420,54.18,3.93,574.59,Running,M0052,94.72
44.85,1.71,1382,45.94,5.08,889.39,Running,M0053,90.1
36.53,1.07,1439,54.41,4.55,958.64,Running,M0054,96.7
40.67,1.26,1529,47.47,4.16,148.39,Running,M0055,94.93
39.73,1.67,1470,49.4,4.36,630.79,Running,M0056,94.75
38.73,1.82,1472,49.9,4.94,633.0,Running,M0057,94.21
40.0,1.52,1535,48.75,4.24,398.27,Running,M0058,95.65
41.21,1.66,1414,46.06,4.49,441.27,Running,M0059,94.28
35.84,1.22,1541,51.58,3.71,851.86,Running,M0060,99.08
42.6,2.03,1504,51.85,5.2,726.53,Running,M0061,90.31
40.11,1.17,1514,49.63,4.48,182.48,Running,M0062,95.87
36.39,1.2,1525,50.03,3.7,185.17,Running,M0063,98.76
39.28,1.46,1445,53.19,4.68,422.76,Running,M0064,94.48
41.93,1.94,1443,49.82,4.98,192.64,Running,M0065,92.55
34.67,1.34,1498,52.22,3.89,325.76,Running,M0066,98.01
37.11,1.2,1569,51.43,4.24,927.07,Running,M0067,96.6
39.24,1.6,1533,46.3,4.91,553.82,Running,M0068,92.78
34.41,1.09,1571,46.96,3.88,177.65,Running,M0069,99.0
43.75,2.04,1551,51.14,4.88,988.87,Running,M0070,91.32
37.99,0.95,1519,53.83,3.82,521.19,Running,M0071,98.67
41.7,1.47,1383,49.25,4.77,113.7,Running,M0072,92.95
34.99,1.14,1452,48.1,3.85,274.22,Running,M0073,97.76
36.88,0.94,1591,52.08,4.12,583.32,Running,M0074,99.49
36.24,1.28,1523,45.34,4.28,957.98,Running,M0075,99.26
37.46,1.63,1534,49.46,4.54,999.9,Running,M0076,95.31
39.26,1.68,1487,46.48,4.43,944.64,Running,M0077,93.07
39.68,1.25,1539,47.63,4.46,390.98,Running,M0078,95.94
42.16,2.05,1551,47.87,4.69,751.88,Running,M0079,91.05
38.48,1.4,1504,47.07,4.02,305.89,Running,M0080,94.83
39.15,1.97,1383,47.98,4.59,511.23,Running,M0081,92.78
42.05,1.8,1404,53.23,4.77,527.72,Running,M0082,92.88
36.61,1.22,1467,49.06,4.01,259.42,Running,M0083,98.91
37.05,1.21,1413,46.96,3.96,766.79,Running,M0084,98.68
39.52,1.9,1399,50.62,4.15,344.82,Running,M0085,93.27
39.38,1.57,1462,49.81,4.6,273.14,Running,M0086,92.73
41.31,2.03,1381,45.12,4.64,773.87,Running,M0087,90.13
39.58,1.86,1450,49.56,4.32,644.26,Running,M0088,93.21
40.86,1.6,1479,50.47,4.03,444.84,Running,M0089,94.7
41.95,1.92,1564,51.3,4.81,412.09,Running,M0090,90.52
43.5,1.86,1456,48.72,4.2,986.0,Running,M0091,91.5
41.25,1.99,1565,48.66,4.48,295.77,Running,M0092,92.27
43.66,1.61,1549,47.5,4.74,496.2,Running,M0093,91.18
35.95,0.93,1569,52.64,4.08,181.3,Running,M0094,99.25
36.26,1.16,1468,53.3,4.46,176.32,Running,M0095,98.41
44.96,2.29,1425,52.01,5.28,712.13,Running,M0096,90.04
34.44,1.07,1581,51.1,4.45,688.32,Running,M0097,98.68
41.28,1.64,1389,50.47,4.32,966.7,Running,M0098,90.77
36.61,1.01,1397,48.73,4.06,949.14,Running,M0099,97.98
37.24,1.22,1490,47.91,4.52,380.49,Running,M0100,96.52
37.89,1.37,1514,51.36,4.76,776.52,Running,M0001,96.74
39.69,1.62,1541,53.05,4.01,134.03,Running,M0002,94.82
39.94,1.24,1493,45.58,4.57,594.12,Running,M0003,95.57
39.04,1.49,1485,46.63,4.56,493.05,Running,M0004,96.76
38.39,1.36,1386,45.61,4.09,528.11,Running,M0005,95.37
37.05,1.28,1587,53.24,4.0,643.64,Running,M0006,96.29
35.08,0.98,1506,46.28,3.93,657.05,Running,M0007,98.06
35.46,1.22,1472,46.0,3.84,784.66,Running,M0008,97.97
39.56,1.88,1431,51.37,4.73,563.05,Running,M0009,92.91
34.96,0.96,1434,49.85,3.6,848.91,Running,M0010,98.83
39.25,1.23,1467,51.95,4.63,263.1,Running,M0011,96.87
39.35,1.72,1481,46.66,4.14,273.98,Running,M0012,95.46
39.5,1.18,1505,50.16,4.4,535.67,Running,M0013,95.65
41.13,1.72,1501,46.35,4.72,532.52,Running,M0014,90.54
36.54,1.11,1473,50.06,4.61,207.62,Running,M0015,98.27
37.36,1.39,1548,49.48,3.73,915.62,Running,M0016,97.98
38.69,1.26,1581,46.41,3.99,305.35,Running,M0017,97.88
40.83,1.65,1510,50.25,4.83,483.58,Running,M0018,92.39
36.34,0.9,1578,48.0,4.34,661.93,Running,M0019,99.22
44.06,1.81,1443,47.61,4.64,623.3,Running,M0020,91.14
44.09,2.15,1548,51.06,4.47,421.27,Running,M0021,90.02
38.03,1.1,1558,52.49,4.31,475.26,Running,M0022,96.66
34.76,0.82,1551,53.98,4.02,471.16,Running,M0023,99.33
42.15,1.94,1560,48.15,4.98,768.19,Running,M0024,91.89
39.03,1.63,1572,53.27,4.37,308.97,Running,M0025,95.54
40.44,1.26,1584,51.08,4.56,721.22,Running,M0026,95.12
35.27,1.12,1533,50.89,4.59,179.68,Running,M0027,97.98
35.66,1.3,1435,48.3,4.42,307.03,Running,M0028,97.65
41.48,1.61,1471,51.49,4.74,913.41,Running,M0029,92.51
38.99,1.56,1538,50.17,4.03,891.07,Running,M0030,97.35
38.98,1.71,1487,52.92,4.93,294.27,Running,M0031,94.18
36.86,1.09,1557,54.37,4.43,648.67,Running,M0032,99.23
38.84,1.32,1486,53.59,4.2,786.85,Running,M0033,95.07
39.03,1.38,1501,54.41,4.85,653.79,Running,M0034,95.16
36.96,0.98,1412,50.17,3.73,303.22,Running,M0035,98.65
39.59,1.88,1547,48.78,4.48,923.68,Running,M0036,92.27
40.07,1.67,1464,54.46,4.09,916.9,Running,M0037,94.84
42.15,1.74,1478,46.8,4.81,356.72,Running,M0038,92.59
41.53,1.48,1384,50.12,4.25,506.52,Running,M0039,92.24
42.3,1.87,1408,45.99,4.56,937.58,Running,M0040,92.89
42.83,1.97,1406,49.98,4.48,907.8,Running,M0041,91.4
35.57,0.93,1560,50.84,4.19,485.38,Running,M0042,98.66
39.36,1.42,1531,51.4,4.72,212.17,Running,M0043,96.91
38.09,1.34,1407,48.33,3.88,835.3,Running,M0044,95.94
35.39,0.93,1395,48.86,4.0,572.05,Running,M0045,98.22
42.44,1.69,1484,51.67,4.15,782.65,Running,M0046,92.2
37.73,1.33,1465,46.38,4.79,461.03,Running,M0047,96.14
43.17,1.85,1469,50.55,4.72,919.88,Running,M0048,91.97
36.79,1.02,1414,54.26,3.76,435.02,Running,M0049,98.92
40.63,1.51,1506,48.06,4.46,160.67,Running,M0050,93.79
37.92,1.15,1493,53.71,4.11,286.03,Running,M0051,97.79
36.16,1.1,1559,51.02,3.95,393.44,Running,M0052,99.65
43.89,1.67,1403,51.36,5.0,158.33,Running,M0053,90.69
37.61,1.63,1557,48.47,3.89,486.55,Running,M0054,96.63
39.15,1.56,1574,47.78,4.85,824.35,Running,M0055,92.55
39.49,1.76,1458,48.23,4.39,563.33,Running,M0056,92.39
36.66,1.44,1442,49.93,3.96,277.07,Running,M0057,98.23
39.63,1.81,1550,47.07,4.77,149.61,Running,M0058,92.08
38.97,1.66,1451,45.34,4.51,979.75,Running,M0059,94.35
41.72,1.79,1556,47.65,4.7,534.5,Running,M0060,91.48
43.15,1.7,1483,51.15,4.33,173.98,Running,M0061,91.78
42.41,2.0,1572,53.02,5.13,166.29,Running,M0062,91.3
37.37,1.38,1474,54.6,4.12,425.63,Running,M0063,97.9
39.18,1.64,1488,46.24,3.82,187.4,Running,M0064,96.33
42.88,1.89,1450,46.42,4.49,610.52,Running,M0065,90.68
44.58,2.01,1469,46.31,4.69,711.92,Running,M0066,90.18
41.9,1.82,1403,45.59,4.58,229.11,Running,M0067,90.04
36.53,1.02,1430,47.74,4.42,878.35,Running,M0068,98.55
37.13,1.42,1533,49.99,3.73,649.57,Running,M0069,98.51
40.2,2.17,1485,46.03,5.14,691.25,Running,M0070,91.06
42.34,2.09,1435,54.04,4.32,241.81,Running,M0071,91.34
37.28,1.67,1402,49.19,4.79,735.74,Running,M0072,95.85
36.77,1.02,1404,54.83,4.59,728.98,Running,M0073,98.75
39.86,1.72,1403,54.35,4.67,209.17,Running,M0074,91.85
37.05,1.32,1472,53.32,4.03,399.44,Running,M0075,97.7
39.03,1.28,1439,47.51,4.42,352.08,Running,M0076,95.02
37.3,1.09,1509,54.94,4.78,756.18,Running,M0077,96.4
37.92,1.57,1559,52.14,4.17,849.57,Running,M0078,95.2
37.24,1.61,1417,50.13,4.51,453.24,Running,M0079,94.95
38.68,1.24,1498,50.93,4.55,307.5,Running,M0080,96.08
34.9,1.29,1581,50.44,4.36,224.44,Running,M0081,99.75
50.11,2.84,1440,45.39,5.71,507.47,Running,M0082,80.14
36.57,0.99,1576,46.39,4.01,873.53,Running,M0083,99.65
38.66,1.49,1500,46.85,3.99,595.38,Running,M0084,96.18
40.8,1.39,1546,49.5,4.58,991.94,Running,M0085,93.39
37.18,1.73,1446,54.47,4.67,464.19,Running,M0086,95.26
41.67,1.71,1440,45.45,4.47,738.06,Running,M0087,92.5
40.42,1.78,1430,48.2,4.6,239.44,Running,M0088,91.98
41.32,1.54,1399,51.4,4.78,510.49,Running,M0089,92.21
38.16,1.61,1584,54.08,4.32,950.52,Running,M0090,95.26
42.09,1.76,1405,53.69,4.83,926.69,Running,M0091,90.69
39.63,1.81,1485,51.6,4.37,592.53,Running,M0092,94.15
41.5,1.84,1558,53.78,4.43,705.54,Running,M0093,92.37
42.31,1.89,1465,47.06,4.23,698.48,Running,M0094,92.42
34.57,0.96,1504,53.24,4.34,999.54,Running,M0095,99.43
37.61,1.14,1424,45.92,4.31,695.03,Running,M0096,96.11
39.28,1.64,1572,50.18,4.74,849.31,Running,M0097,96.18
34.75,1.32,1593,53.53,3.7,492.81,Running,M0098,99.26
38.74,1.31,1405,45.37,3.99,968.41,Running,M0099,96.94
36.3,1.23,1441,54.14,4.59,250.03,Running,M0100,98.35
38.13,1.33,1490,49.1,4.2,777.52,Running,M0001,96.72
38.99,1.66,1434,54.64,4.51,135.03,Running,M0002,94.82
38.82,1.45,1474,45.73,4.33,595.12,Running,M0003,95.56
36.57,1.12,1496,53.96,3.94,494.05,Running,M0004,96.76
40.63,1.35,1566,51.58,4.29,529.11,Running,M0005,95.36
37.15,1.11,1486,50.0,4.74,644.64,Running,M0006,96.27
34.82,0.95,1434,53.93,4.4,658.05,Running,M0007,98.06
38.09,1.02,1582,52.74,3.81,785.66,Running,M0008,97.96
39.13,1.64,1387,47.73,4.51,564.05,Running,M0009,92.9
34.57,1.17,1463,51.27,3.97,849.91,Running,M0010,98.8
36.65,1.14,1399,52.11,4.15,264.1,Running,M0011,96.84
38.13,1.43,1464,54.18,4.69,274.98,Running,M0012,95.44
37.15,1.7,1502,47.55,4.49,536.67,Running,M0013,95.59
42.58,1.91,1435,54.81,4.34,533.52,Running,M0014,90.53
38.12,0.93,1422,52.28,4.06,208.62,Running,M0015,98.26
35.07,1.38,1446,49.08,4.05,916.62,Running,M0016,97.96
37.65,1.18,1534,51.1,3.9,306.35,Running,M0017,97.87
41.85,1.86,1569,48.68,4.79,484.58,Running,M0018,92.36
35.85,1.09,1416,54.77,3.96,662.93,Running,M0019,99.18
43.2,2.17,1400,52.42,4.52,624.3,Running,M0020,91.13
44.38,2.29,1380,54.55,4.92,422.27,Running,M0021,90.01
38.31,1.6,1514,52.08,4.17,476.26,Running,M0022,96.65
36.03,1.08,1524,49.36,4.54,472.16,Running,M0023,99.31
40.64,1.88,1548,54.13,4.64,769.19,Running,M0024,91.87
40.4,1.24,1412,48.75,4.45,309.97,Running,M0025,95.49
39.6,1.62,1520,51.38,4.42,722.22,Running,M0026,95.12
37.81,0.99,1523,52.18,4.36,180.68,Running,M0027,97.97
38.55,1.25,1491,47.59,4.48,308.03,Running,M0028,97.62
39.72,1.89,1408,53.52,4.15,914.41,Running,M0029,92.47
35.88,1.03,1585,49.24,3.91,892.07,Running,M0030,97.34
41.4,1.32,1479,48.33,4.4,295.27,Running,M0031,94.12
34.14,1.13,1578,54.8,4.3,649.67,Running,M0032,99.18
38.3,1.75,1539,52.98,3.93,787.85,Running,M0033,95.06
40.16,1.62,1493,51.81,4.76,654.79,Running,M0034,95.13
38.09,1.42,1418,47.72,4.24,304.22,Running,M0035,98.63
42.42,1.9,1444,48.98,4.45,924.68,Running,M0036,92.27
38.57,1.54,1434,46.46,4.48,917.9,Running,M0037,94.83
40.51,1.95,1500,46.55,4.95,357.72,Running,M0038,92.54
40.89,1.99,1431,54.39,4.21,507.52,Running,M0039,92.23
40.96,1.71,1474,50.6,4.51,938.58,Running,M0040,92.84
42.28,2.1,1494,53.94,4.27,908.8,Running,M0041,91.38
36.05,1.27,1466,53.69,4.47,486.38,Running,M0042,98.66
37.65,1.44,1442,49.55,4.21,213.17,Running,M0043,96.89
36.41,1.56,1440,54.94,4.71,836.3,Running,M0044,95.89
34.93,1.19,1457,48.37,4.49,573.05,Running,M0045,98.22
39.31,1.72,1397,52.96,4.36,783.65,Running,M0046,92.2
36.46,1.4,1422,50.71,4.21,462.03,Running,M0047,96.12
41.6,1.72,1411,46.91,4.2,920.88,Running,M0048,91.97
35.59,0.84,1403,46.27,4.55,436.02,Running,M0049,98.92
39.19,1.71,1538,48.97,4.94,161.67,Running,M0050,93.77
37.08,1.45,1453,51.35,4.08,287.03,Running,M0051,97.72
33.57,0.96,1590,48.45,3.7,394.44,Running,M0052,99.65
44.22,1.94,1513,49.48,4.57,159.33,Running,M0053,90.68
39.63,1.16,1563,53.64,3.94,487.55,Running,M0054,96.6
41.76,1.52,1577,47.8,4.73,825.35,Running,M0055,92.55
42.27,2.06,1459,52.55,4.89,564.33,Running,M0056,92.34
35.87,1.17,1520,48.9,4.36,278.07,Running,M0057,98.21
42.39,1.91,1463,51.27,4.16,150.61,Running,M0058,92.04
39.51,1.63,1447,51.22,4.12,980.75,Running,M0059,94.35
42.71,2.03,1487,46.93,4.3,535.5,Running,M0060,91.47
42.08,1.98,1391,45.29,4.66,174.98,Running,M0061,91.77
40.85,2.16,1472,45.58,4.39,167.29,Running,M0062,91.3
36.06,1.5,1458,52.54,4.17,426.63,Running,M0063,97.87
39.47,1.49,1572,48.53,4.31,188.4,Running,M0064,96.29
43.63,1.67,1490,47.15,4.69,611.52,Running,M0065,90.66
43.15,1.79,1456,52.14,5.15,712.92,Running,M0066,90.16
44.89,2.24,1439,54.1,4.48,230.11,Running,M0067,89.99
34.22,1.38,1444,54.42,4.32,879.35,Running,M0068,98.53
36.95,0.92,1475,45.81,4.57,650.57,Running,M0069,98.45
42.74,1.73,1413,51.15,4.27,692.25,Running,M0070,91.03
52.73,3.05,1354,51.5,6.0,242.81,Maintenance,M0071,77.23
36.84,1.69,1527,53.47,4.34,736.74,Running,M0072,95.84
37.77,1.28,1401,52.19,4.33,729.98,Running,M0073,98.7
43.5,1.87,1522,47.13,5.08,210.17,Running,M0074,91.85
38.51,1.44,1474,45.13,3.93,400.44,Running,M0075,97.67
39.82,1.62,1510,54.94,4.7,353.08,Running,M0076,95.02
36.43,1.35,1437,54.99,4.31,757.18,Running,M0077,96.37
38.63,1.57,1418,48.52,4.38,850.57,Running,M0078,95.15
38.39,1.36,1512,46.79,4.03,454.24,Running,M0079,94.91
39.42,1.56,1510,46.9,3.93,308.5,Running,M0080,96.07
36.76,1.05,1492,49.71,3.67,225.44,Running,M0081,99.74
51.16,3.17,1391,45.96,5.25,508.47,Running,M0082,80.13
34.55,0.82,1505,49.19,4.19,874.53,Running,M0083,99.61
37.24,1.3,1493,47.3,4.48,596.38,Running,M0084,96.17
41.97,1.5,1560,51.63,5.0,992.94,Running,M0085,93.38
39.21,1.39,1456,49.09,4.62,465.19,Running,M0086,95.26
39.35,1.78,1543,45.14,4.46,739.06,Running,M0087,92.5
41.49,1.92,1493,49.23,4.54,240.44,Running,M0088,91.94
39.73,1.54,1378,49.87,4.97,511.49,Running,M0089,92.18
39.78,1.51,1503,45.66,4.79,951.52,Running,M0090,95.25
41.95,1.83,1468,45.26,5.24,927.69,Running,M0091,90.64
39.52,1.54,1485,51.08,4.36,593.53,Running,M0092,94.14
39.43,1.64,1468,45.85,4.99,706.54,Running,M0093,92.36
43.07,1.68,1564,45.29,4.46,699.48,Running,M0094,92.4
45.37,2.55,1515,45.81,5.63,1000.54,Running,M0095,84.65
38.86,1.27,1499,48.59,4.7,696.03,Running,M0096,96.07
37.36,1.43,1504,47.8,3.93,850.31,Running,M0097,96.17
34.81,1.25,1495,45.84,4.07,493.81,Running,M0098,99.25
38.3,1.1,1571,49.0,4.0,969.41,Running,M0099,96.91
34.55,1.37,1537,48.85,4.63,251.03,Running,M0100,98.31
35.87,1.32,1570,52.68,4.07,778.52,Running,M0001,96.7
39.36,1.4,1391,45.93,3.98,136.03,Running,M0002,94.81
39.18,1.46,1445,51.45,4.19,596.12,Running,M0003,95.55
38.52,1.5,1416,48.54,4.48,495.05,Running,M0004,96.74
40.42,1.19,1410,52.19,4.21,530.11,Running,M0005,95.34
36.9,1.61,1577,46.62,4.78,645.64,Running,M0006,96.23
35.03,1.26,1416,51.77,4.37,659.05,Running,M0007,98.05
37.99,1.13,1460,45.75,4.1,786.66,Running,M0008,97.95
40.34,1.75,1422,45.77,4.7,565.05,Running,M0009,92.89
35.07,1.38,1418,47.63,4.46,850.91,Running,M0010,98.8
38.19,1.17,1558,51.39,3.88,265.1,Running,M0011,96.78
40.22,1.54,1390,52.85,4.58,275.98,Running,M0012,95.4
38.99,1.56,1573,49.64,4.75,537.67,Running,M0013,95.54
41.08,1.99,1417,53.62,4.8,534.52,Running,M0014,90.52
35.37,1.46,1528,50.38,3.97,209.62,Running,M0015,98.23
36.19,1.07,1527,52.4,4.08,917.62,Running,M0016,97.95
34.82,0.96,1404,45.07,4.49,307.35,Running,M0017,97.81
41.94,1.92,1543,45.61,4.35,485.58,Running,M0018,92.35
35.87,1.09,1564,49.0,4.57,663.93,Running,M0019,99.14
41.67,1.97,1475,46.7,5.16,625.3,Running,M0020,91.13
43.52,1.87,1486,51.1,5.27,423.27,Running,M0021,90.0
51.13,2.9,1454,48.66,5.69,477.26,Maintenance,M0022,78.89
36.48,1.25,1528,50.14,4.18,473.16,Running,M0023,99.3
41.83,1.62,1558,52.27,4.15,770.19,Running,M0024,91.86
39.0,1.4,1398,50.82,4.78,310.97,Running,M0025,95.47
39.97,1.56,1540,49.52,4.87,723.22,Running,M0026,95.11
37.97,0.96,1434,53.58,4.37,181.68,Running,M0027,97.97
37.57,1.47,1583,53.93,4.6,309.03,Running,M0028,97.6
40.69,1.46,1391,52.76,4.62,915.41,Running,M0029,92.42
38.62,1.27,1471,51.56,4.65,893.07,Running,M0030,97.32
38.42,1.55,1390,45.17,4.08,296.27,Running,M0031,94.08
35.26,0.89,1437,53.48,4.31,650.67,Running,M0032,99.18
38.55,1.46,1385,51.32,4.76,788.85,Running,M0033,95.05
40.24,1.5,1534,53.55,3.98,655.79,Running,M0034,95.06
37.93,1.11,1517,52.89,3.92,305.22,Running,M0035,98.57
40.7,1.6,1477,48.28,5.0,925.68,Running,M0036,92.25
38.85,1.26,1471,47.12,4.52,918.9,Running,M0037,94.82
40.95,1.57,1551,45.73,4.87,358.72,Running,M0038,92.53
41.76,1.97,1406,45.76,4.85,508.52,Running,M0039,92.22
42.37,1.69,1411,53.56,4.46,939.58,Running,M0040,92.82
42.75,2.17,1405,53.46,4.85,909.8,Running,M0041,91.31
35.24,0.86,1540,45.01,3.83,487.38,Running,M0042,98.64
37.08,1.08,1547,53.59,4.69,214.17,Running,M0043,96.89
37.52,1.6,1461,49.69,3.89,837.3,Running,M0044,95.86
36.66,1.06,1553,53.3,3.7,574.05,Running,M0045,98.22
40.58,1.83,1420,46.72,4.32,784.65,Running,M0046,92.17
37.48,1.37,1525,49.61,4.27,463.03,Running,M0047,96.1
40.9,1.94,1498,52.97,4.88,921.88,Running,M0048,91.96
35.61,0.97,1421,54.79,4.18,437.02,Running,M0049,98.92
39.86,1.64,1418,46.37,4.14,162.67,Running,M0050,93.77
35.93,1.26,1405,51.68,4.48,288.03,Running,M0051,97.71
35.36,1.29,1543,54.17,3.78,395.44,Running,M0052,99.65
41.31,1.87,1492,49.87,4.94,160.33,Running,M0053,90.68
37.18,1.1,1412,46.9,4.66,488.55,Running,M0054,96.57
40.67,2.03,1460,45.5,4.25,826.35,Running,M0055,92.53
42.23,1.51,1402,47.77,4.8,565.33,Running,M0056,92.29
35.23,1.34,1504,53.17,4.48,279.07,Running,M0057,98.2
39.78,1.96,1539,54.0,4.9,151.61,Running,M0058,92.0
37.89,1.72,1506,52.5,4.17,981.75,Running,M0059,94.34
41.28,2.13,1538,49.25,5.03,536.5,Running,M0060,91.47
43.07,1.72,1504,47.71,5.15,175.98,Running,M0061,91.77
41.48,1.95,1425,46.99,4.53,168.29,Running,M0062,91.27
36.72,1.49,1488,49.99,4.19,427.63,Running,M0063,97.86
39.26,1.41,1587,51.63,4.76,189.4,Running,M0064,96.24
42.97,1.95,1399,50.36,4.48,612.52,Running,M0065,90.65
44.68,2.21,1421,46.82,5.17,713.92,Running,M0066,90.15
44.32,1.96,1416,48.15,5.22,231.11,Running,M0067,89.92
37.9,0.98,1506,50.03,4.13,880.35,Running,M0068,98.53
35.82,1.22,1449,49.85,4.27,651.57,Running,M0069,98.42
43.93,2.15,1510,47.57,4.54,693.25,Running,M0070,90.97
54.34,3.34,1454,52.36,5.53,243.81,Maintenance,M0071,77.23
39.78,1.17,1466,48.26,3.91,737.74,Running,M0072,95.84
37.72,1.26,1514,52.96,4.35,730.98,Running,M0073,98.65
40.41,1.56,1506,53.1,4.39,211.17,Running,M0074,91.81
38.5,1.53,1440,49.07,4.69,401.44,Running,M0075,97.63
38.79,1.4,1558,47.47,4.64,354.08,Running,M0076,94.99
38.22,1.61,1411,53.63,4.05,758.18,Running,M0077,96.31
37.75,1.53,1504,51.22,4.56,851.57,Running,M0078,95.11
38.79,1.76,1442,54.32,3.98,455.24,Running,M0079,94.83
38.49,1.5,1580,45.28,4.58,309.5,Running,M0080,96.07
36.68,1.17,1487,53.85,4.02,226.44,Running,M0081,99.68
49.71,2.97,1531,51.43,5.46,509.47,Running,M0082,80.13
35.65,0.79,1401,45.15,3.97,875.53,Running,M0083,99.59
37.04,1.66,1550,47.77,4.77,597.38,Running,M0084,96.12
41.85,1.8,1559,52.22,4.14,993.94,Running,M0085,93.35
40.12,1.25,1556,50.69,4.48,466.19,Running,M0086,95.23
39.17,1.94,1379,50.67,4.71,740.06,Running,M0087,92.48
41.25,1.62,1519,49.68,4.23,241.44,Running,M0088,91.94
40.86,1.81,1550,52.95,4.93,512.49,Running,M0089,92.15
36.89,1.38,1546,49.18,3.89,952.52,Running,M0090,95.22
42.93,1.83,1428,53.44,5.18,928.69,Running,M0091,90.62
39.32,1.37,1534,46.63,4.72,594.53,Running,M0092,94.1
42.36,1.52,1409,52.0,4.81,707.54,Running,M0093,92.35
40.71,1.88,1564,48.33,4.49,700.48,Running,M0094,92.36
48.74,2.65,1463,53.01,4.94,1001.54,Running,M0095,84.62
39.06,1.44,1411,50.92,4.65,697.03,Running,M0096,96.07
39.87,1.62,1450,50.75,4.59,851.31,Running,M0097,96.15
34.9,1.17,1573,48.86,3.75,494.81,Running,M0098,99.22
36.51,1.47,1505,53.3,4.37,970.41,Running,M0099,96.88
36.15,1.34,1457,50.59,3.8,252.03,Running,M0100,98.29
38.74,1.26,1391,52.13,3.79,779.52,Running,M0001,96.69
39.28,1.36,1468,54.18,4.09,137.03,Running,M0002,94.77
37.05,1.73,1499,54.26,4.8,597.12,Running,M0003,95.53
37.47,1.38,1416,53.64,3.97,496.05,Running,M0004,96.74
37.01,1.32,1523,52.53,4.85,531.11,Running,M0005,95.32
37.3,1.46,1411,49.85,3.9,646.64,Running,M0006,96.19
36.79,1.21,1485,48.07,3.96,660.05,Running,M0007,98.04
50.96,2.79,1452,50.03,5.66,787.66,Running,M0008,82.43
39.06,1.6,1523,45.54,4.41,566.05,Running,M0009,92.89
37.4,1.26,1519,45.82,4.1,851.91,Running,M0010,98.76
37.54,1.14,1455,46.62,4.28,266.1,Running,M0011,96.74
39.62,1.6,1562,54.62,4.5,276.98,Running,M0012,95.32
38.13,1.17,1490,54.61,4.17,538.67,Running,M0013,95.51
41.86,1.91,1508,52.17,4.27,535.52,Running,M0014,90.52
37.4,1.44,1502,45.84,3.77,210.62,Running,M0015,98.22
36.94,1.42,1484,51.75,4.51,918.62,Running,M0016,97.95
37.28,1.26,1433,46.4,3.84,308.35,Running,M0017,97.77
41.78,1.73,1447,52.7,4.79,486.58,Running,M0018,92.34
35.78,0.92,1585,51.49,3.63,664.93,Running,M0019,99.08
41.33,2.04,1543,50.08,4.38,626.3,Running,M0020,91.1
50.13,3.06,1460,50.27,5.25,424.27,Running,M0021,80.48
51.99,3.14,1400,48.56,5.96,478.26,Maintenance,M0022,78.88
34.79,0.84,1414,46.22,4.09,474.16,Running,M0023,99.29
42.65,1.87,1410,50.56,4.49,771.19,Running,M0024,91.84
39.96,1.21,1481,47.64,4.34,311.97,Running,M0025,95.44
37.3,1.64,1545,53.16,4.87,724.22,Running,M0026,95.1
36.99,1.27,1433,49.14,4.07,182.68,Running,M0027,97.95
35.64,1.4,1484,54.26,4.34,310.03,Running,M0028,97.55
42.13,1.75,1489,47.81,4.41,916.41,Running,M0029,92.37
38.43,1.52,1538,49.04,3.92,894.07,Running,M0030,97.32
38.42,1.88,1418,48.0,4.95,297.27,Running,M0031,94.02
33.97,1.11,1408,54.44,3.61,651.67,Running,M0032,99.18
40.86,1.38,1425,50.12,4.23,789.85,Running,M0033,95.04
40.88,1.43,1452,53.52,4.65,656.79,Running,M0034,95.0
34.24,1.25,1559,46.63,3.68,306.22,Running,M0035,98.53
40.87,1.56,1439,51.97,4.41,926.68,Running,M0036,92.2
38.1,1.36,1538,45.31,4.81,919.9,Running,M0037,94.78
39.15,1.79,1498,54.04,5.02,359.72,Running,M0038,92.5
40.07,1.96,1443,48.26,4.53,509.52,Running,M0039,92.2
41.52,1.54,1444,50.62,4.16,940.58,Running,M0040,92.78
43.71,2.02,1470,47.37,4.61,910.8,Running,M0041,91.28
34.87,1.35,1415,54.81,4.08,488.38,Running,M0042,98.62
37.57,1.36,1469,46.57,4.01,215.17,Running,M0043,96.88
38.78,1.13,1514,53.29,4.71,838.3,Running,M0044,95.83
35.65,1.22,1478,48.64,4.13,575.05,Running,M0045,98.15
43.0,1.59,1497,54.94,4.28,785.65,Running,M0046,92.15
39.09,1.49,1413,54.23,4.01,464.03,Running,M0047,96.1
43.0,2.02,1382,49.44,5.04,922.88,Running,M0048,91.95
34.73,1.32,1508,53.24,4.21,438.02,Running,M0049,98.91
40.1,1.39,1536,53.59,4.05,163.67,Running,M0050,93.76
38.29,1.26,1552,46.99,4.12,289.03,Running,M0051,97.64
35.96,0.75,1564,49.98,4.38,396.44,Running,M0052,99.63
41.17,2.13,1559,45.6,4.44,161.33,Running,M0053,90.65
38.91,1.38,1459,54.53,4.4,489.55,Running,M0054,96.54
39.37,1.91,1495,49.95,4.39,827.35,Running,M0055,92.53
41.43,2.04,1575,47.66,4.65,566.33,Running,M0056,92.28
35.95,1.38,1459,51.04,4.09,280.07,Running,M0057,98.19
42.36,2.03,1437,46.45,4.29,152.61,Running,M0058,91.94
39.65,1.72,1446,51.23,4.48,982.75,Running,M0059,94.34
42.86,2.05,1434,53.86,4.58,537.5,Running,M0060,91.45
40.57,2.08,1462,53.95,4.29,176.98,Running,M0061,91.77
42.37,1.83,1510,53.95,4.73,169.29,Running,M0062,91.25
38.02,1.29,1547,47.92,4.49,428.63,Running,M0063,97.8
38.03,1.63,1427,47.3,3.94,190.4,Running,M0064,96.23
40.99,2.15,1554,45.2,4.45,613.52,Running,M0065,90.63
41.78,1.84,1457,48.84,4.92,714.92,Running,M0066,90.11
44.47,2.05,1376,50.37,4.46,232.11,Running,M0067,89.89
38.01,1.22,1541,49.29,4.56,881.35,Running,M0068,98.53
37.06,0.98,1560,48.26,3.67,652.57,Running,M0069,98.4
44.01,2.04,1564,53.8,5.16,694.25,Running,M0070,90.91
54.41,3.27,1445,51.57,5.83,244.81,Maintenance,M0071,77.19
38.26,1.2,1444,54.94,4.42,738.74,Running,M0072,95.83
34.38,1.19,1440,48.74,3.84,731.98,Running,M0073,98.62
43.05,1.57,1519,50.41,4.6,212.17,Running,M0074,91.76
36.38,1.27,1587,53.46,4.49,402.44,Running,M0075,97.6
39.57,1.69,1481,53.09,4.61,355.08,Running,M0076,94.95
39.65,1.1,1534,54.56,4.67,759.18,Running,M0077,96.3
40.3,1.54,1448,46.89,4.0,852.57,Running,M0078,95.07
38.92,1.72,1549,50.02,3.99,456.24,Running,M0079,94.78
37.19,1.45,1435,47.63,4.03,310.5,Running,M0080,96.06
35.02,1.13,1541,47.07,3.9,227.44,Running,M0081,99.67
50.78,3.24,1450,47.6,5.8,510.47,Running,M0082,80.11
37.03,0.77,1559,50.07,4.27,876.53,Running,M0083,99.58
36.81,1.49,1498,53.88,3.88,598.38,Running,M0084,96.09
41.38,1.7,1530,52.53,4.96,994.94,Running,M0085,93.31
37.86,1.29,1511,50.01,4.88,467.19,Running,M0086,95.22
39.18,1.97,1533,48.21,4.36,741.06,Running,M0087,92.47
41.76,1.56,1379,51.8,4.62,242.44,Running,M0088,91.93
39.94,1.66,1394,47.44,4.17,513.49,Running,M0089,92.15
38.87,1.25,1524,48.38,4.27,953.52,Running,M0090,95.19
42.83,2.09,1564,54.77,4.38,929.69,Running,M0091,90.61
45.96,2.37,1384,52.4,5.55,595.53,Running,M0092,85.07
40.79,1.79,1451,52.99,4.31,708.54,Running,M0093,92.33
41.77,1.62,1437,53.53,4.43,701.48,Running,M0094,92.33
46.54,2.46,1359,49.8,5.59,1002.54,Running,M0095,84.62
37.42,1.52,1504,52.69,4.13,698.03,Running,M0096,96.03
39.27,1.44,1534,53.6,4.22,852.31,Running,M0097,96.13
36.33,1.28,1543,45.15,4.2,495.81,Running,M0098,99.21
39.5,1.18,1500,54.99,4.38,971.41,Running,M0099,96.85
38.33,1.45,1439,50.65,4.22,253.03,Running,M0100,98.27
39.51,1.37,1571,50.13,3.8,780.52,Running,M0001,96.68
40.07,1.23,1486,54.5,4.63,138.03,Running,M0002,94.77
38.88,1.65,1553,54.03,4.7,598.12,Running,M0003,95.52
37.54,1.31,1490,50.91,4.43,497.05,Running,M0004,96.73
36.88,1.64,1407,45.83,4.31,532.11,Running,M0005,95.32
38.09,1.57,1566,49.05,4.11,647.64,Running,M0006,96.15
38.04,1.0,1429,48.78,4.14,661.05,Running,M0007,98.04
49.79,2.59,1441,53.38,5.1,788.66,Running,M0008,82.41
39.36,1.83,1569,53.95,4.98,567.05,Running,M0009,92.88
34.11,1.39,1397,45.46,3.71,852.91,Running,M0010,98.76
36.26,1.58,1423,49.67,3.94,267.1,Running,M0011,96.7
39.3,1.23,1542,51.74,4.35,277.98,Running,M0012,95.24
37.58,1.28,1534,47.25,4.01,539.67,Running,M0013,95.51
42.78,2.09,1376,53.48,5.01,536.52,Running,M0014,90.52
35.77,1.46,1443,53.45,4.4,211.62,Running,M0015,98.2
38.54,1.25,1591,52.22,4.29,919.62,Running,M0016,97.95
38.59,1.16,1459,54.29,4.09,309.35,Running,M0017,97.74
42.78,1.95,1386,45.47,5.03,487.58,Running,M0018,92.31
36.36,1.38,1493,52.67,4.54,665.93,Running,M0019,99.01
42.94,2.19,1399,47.7,5.11,627.3,Running,M0020,91.09
51.96,2.69,1363,45.6,5.08,425.27,Running,M0021,80.47
50.85,3.25,1456,49.38,5.61,479.26,Maintenance,M0022,78.87
35.95,0.83,1405,51.03,3.6,475.16,Running,M0023,99.28
41.81,1.54,1421,46.23,4.63,772.19,Running,M0024,91.82
38.33,1.54,1497,48.88,4.27,312.97,Running,M0025,95.4
39.58,1.24,1499,45.76,4.7,725.22,Running,M0026,95.09
36.78,1.07,1571,52.45,4.0,183.68,Running,M0027,97.95
37.39,1.15,1496,54.19,4.51,311.03,Running,M0028,97.5
40.96,1.92,1498,49.14,4.98,917.41,Running,M0029,92.35
38.0,1.03,1513,52.82,4.7,895.07,Running,M0030,97.31
41.58,1.54,1450,48.97,4.39,298.27,Running,M0031,93.97
33.74,0.81,1537,48.43,3.89,652.67,Running,M0032,99.16
39.83,1.2,1505,52.24,4.47,790.85,Running,M0033,95.03
39.38,1.61,1572,53.36,4.12,657.79,Running,M0034,94.95
35.83,1.41,1548,49.28,4.15,307.22,Running,M0035,98.5
40.48,1.68,1458,51.34,4.67,927.68,Running,M0036,92.15
38.97,1.63,1391,53.6,4.85,920.9,Running,M0037,94.77
40.12,1.56,1531,51.12,4.35,360.72,Running,M0038,92.46
42.34,1.8,1424,49.65,4.31,510.52,Running,M0039,92.18
41.47,2.01,1559,48.12,4.68,941.58,Running,M0040,92.75
42.69,2.01,1461,50.98,5.17,911.8,Running,M0041,91.23
34.52,1.27,1395,52.66,4.43,489.38,Running,M0042,98.61
36.45,1.5,1435,46.11,4.05,216.17,Running,M0043,96.88
38.33,1.19,1475,48.09,4.66,839.3,Running,M0044,95.81
35.19,0.95,1467,52.92,3.84,576.05,Running,M0045,98.09
43.22,1.66,1391,47.87,5.04,786.65,Running,M0046,92.12
36.99,1.27,1440,52.02,4.19,465.03,Running,M0047,96.06
43.17,1.67,1493,49.36,4.56,923.88,Running,M0048,91.94
34.88,1.28,1493,48.6,3.87,439.02,Running,M0049,98.9
39.37,1.33,1453,53.22,4.82,164.67,Running,M0050,93.76
35.85,1.48,1445,48.81,4.02,290.03,Running,M0051,97.56
36.69,0.74,1447,45.3,4.47,397.44,Running,M0052,99.62
44.18,1.66,1417,46.15,4.49,162.33,Running,M0053,90.61
38.49,1.12,1403,48.26,4.07,490.55,Running,M0054,96.51
40.12,1.58,1483,51.83,4.48,828.35,Running,M0055,92.51
41.5,1.62,1512,52.71,4.26,567.33,Running,M0056,92.23
35.11,1.16,1410,54.85,4.64,281.07,Running,M0057,98.18
41.1,1.84,1504,52.72,4.45,153.61,Running,M0058,91.89
40.12,1.8,1493,54.94,4.87,983.75,Running,M0059,94.33
40.02,2.12,1549,54.52,5.0,538.5,Running,M0060,91.44
42.59,1.91,1499,52.64,4.2,177.98,Running,M0061,91.76
42.81,1.87,1512,47.19,4.56,170.29,Running,M0062,91.23
35.1,1.42,1449,54.63,4.01,429.63,Running,M0063,97.76
38.14,1.35,1546,49.81,4.01,191.4,Running,M0064,96.22
41.58,1.65,1418,48.51,4.26,614.52,Running,M0065,90.61
43.2,2.1,1523,47.92,4.98,715.92,Running,M0066,90.07
41.48,2.12,1430,45.52,4.78,233.11,Running,M0067,89.87
35.03,1.08,1513,50.99,4.54,882.35,Running,M0068,98.5
34.51,0.91,1477,50.95,4.46,653.57,Running,M0069,98.4
42.63,2.06,1549,46.47,4.47,695.25,Running,M0070,90.87
51.99,3.21,1375,49.31,6.05,245.81,Maintenance,M0071,77.17
39.2,1.19,1563,50.46,4.01,739.74,Running,M0072,95.81
36.36,0.99,1503,46.59,3.71,732.98,Running,M0073,98.6
42.37,1.88,1531,47.91,4.33,213.17,Running,M0074,91.74
38.65,0.96,1503,46.71,4.12,403.44,Running,M0075,97.56
39.35,1.38,1579,53.1,4.49,356.08,Running,M0076,94.92
39.64,1.53,1562,47.98,4.1,760.18,Running,M0077,96.3
37.89,1.38,1545,50.01,4.74,853.57,Running,M0078,95.01
37.99,1.35,1531,53.63,4.21,457.24,Running,M0079,94.73
39.42,1.13,1397,49.05,4.31,311.5,Running,M0080,96.05
33.64,0.9,1470,54.36,4.09,228.44,Running,M0081,99.61
50.13,3.08,1442,46.74,5.58,511.47,Running,M0082,80.11
36.88,1.1,1459,48.48,4.15,877.53,Running,M0083,99.54
36.55,1.52,1448,51.75,3.87,599.38,Running,M0084,96.09
40.0,1.39,1477,48.9,4.99,995.94,Running,M0085,93.29
37.2,1.2,1520,54.71,4.3,468.19,Running,M0086,95.22
39.6,1.49,1438,49.19,4.29,742.06,Running,M0087,92.46
40.31,1.82,1540,51.35,5.08,243.44,Running,M0088,91.89
40.99,1.89,1549,54.43,4.77,514.49,Running,M0089,92.11
40.46,1.23,1479,51.16,4.64,954.52,Running,M0090,95.15
44.45,2.13,1447,54.53,4.37,930.69,Running,M0091,90.6
48.74,2.39,1530,49.73,4.93,596.53,Running,M0092,85.03
41.1,1.92,1562,54.46,5.09,709.54,Running,M0093,92.33
39.64,1.83,1532,51.69,4.71,702.48,Running,M0094,92.3
49.15,2.39,1491,45.37,5.03,1003.54,Running,M0095,84.6
38.02,1.5,1430,46.18,4.31,699.03,Running,M0096,96.03
37.53,1.36,1427,54.52,3.96,853.31,Running,M0097,96.12
34.76,1.0,1465,51.59,4.49,496.81,Running,M0098,99.19
35.77,1.3,1514,52.51,3.94,972.41,Running,M0099,96.82
34.47,1.15,1551,48.22,3.94,254.03,Running,M0100,98.23
37.53,1.03,1500,53.5,3.81,781.52,Running,M0001,96.68
37.59,1.69,1526,51.36,4.56,139.03,Running,M0002,94.77
39.7,1.45,1415,45.49,4.29,599.12,Running,M0003,95.51
39.6,1.05,1552,54.41,4.6,498.05,Running,M0004,96.7
39.25,1.74,1480,50.79,4.13,533.11,Running,M0005,95.29
36.14,1.52,1588,52.07,4.63,648.64,Running,M0006,96.1
35.36,1.11,1555,48.47,4.6,662.05,Running,M0007,98.02
49.45,2.87,1514,49.62,5.87,789.66,Running,M0008,82.41
41.84,1.63,1536,52.49,4.2,568.05,Running,M0009,92.88
36.21,1.0,1524,49.1,4.47,853.91,Running,M0010,98.69
35.72,1.08,1581,47.81,3.82,268.1,Running,M0011,96.65
38.03,1.55,1533,51.64,4.03,278.98,Running,M0012,95.17
40.62,1.43,1531,45.57,3.89,540.67,Running,M0013,95.47
42.05,1.95,1465,54.25,4.3,537.52,Running,M0014,90.51
36.3,0.94,1483,50.44,4.49,212.62,Running,M0015,98.19
34.66,1.25,1474,52.71,3.78,920.62,Running,M0016,97.94
36.62,1.33,1432,48.74,3.7,310.35,Running,M0017,97.72
41.01,1.57,1442,47.44,5.05,488.58,Running,M0018,92.31
35.64,1.38,1417,51.72,3.85,666.93,Running,M0019,99.01
43.48,1.76,1501,48.8,4.82,628.3,Running,M0020,91.07
50.68,3.0,1540,49.02,5.36,426.27,Running,M0021,80.46
51.76,3.04,1474,53.2,5.28,480.26,Maintenance,M0022,78.87
33.9,0.81,1478,49.21,3.6,476.16,Running,M0023,99.27
40.45,1.77,1512,50.99,4.89,773.19,Running,M0024,91.82
37.51,1.52,1560,49.88,4.79,313.97,Running,M0025,95.37
37.2,1.39,1561,45.9,4.17,726.22,Running,M0026,95.08
37.35,1.21,1561,50.52,3.69,184.68,Running,M0027,97.94
38.84,1.29,1395,49.85,4.16,312.03,Running,M0028,97.46
39.49,2.06,1492,48.6,5.06,918.41,Running,M0029,92.29
36.12,1.45,1424,54.6,3.86,896.07,Running,M0030,97.31
38.32,1.77,1552,53.98,4.45,299.27,Running,M0031,93.94
36.57,0.87,1588,51.97,3.86,653.67,Running,M0032,99.11
39.41,1.28,1444,45.01,4.53,791.85,Running,M0033,95.03
37.33,1.31,1577,53.71,4.82,658.79,Running,M0034,94.95
37.43,1.27,1562,46.65,4.22,308.22,Running,M0035,98.46
41.91,1.86,1550,48.2,4.51,928.68,Running,M0036,92.14
40.45,1.68,1573,47.44,4.56,921.9,Running,M0037,94.73
40.53,2.0,1491,53.28,4.88,361.72,Running,M0038,92.44
42.78,1.75,1431,50.31,5.03,511.52,Running,M0039,92.18
41.25,1.74,1379,52.82,4.48,942.58,Running,M0040,92.73
40.22,1.79,1506,50.49,4.5,912.8,Running,M0041,91.16
37.55,1.04,1592,50.31,4.5,490.38,Running,M0042,98.58
35.59,1.27,1396,52.7,3.92,217.17,Running,M0043,96.85
37.25,1.63,1458,52.96,4.7,840.3,Running,M0044,95.8
35.2,1.36,1461,45.56,4.63,577.05,Running,M0045,98.08
40.91,1.82,1441,51.47,5.06,787.65,Running,M0046,92.1
37.15,1.33,1414,49.46,4.57,466.03,Running,M0047,96.03
41.13,1.77,1447,54.81,4.6,924.88,Running,M0048,91.94
35.15,1.22,1576,46.64,4.5,440.02,Running,M0049,98.9
41.17,1.85,1448,53.88,4.62,165.67,Running,M0050,93.73
35.12,1.08,1461,48.29,4.04,291.03,Running,M0051,97.53
36.94,1.14,1463,49.02,4.09,398.44,Running,M0052,99.62
42.64,1.84,1497,49.69,4.9,163.33,Running,M0053,90.58
38.98,1.34,1513,46.56,4.43,491.55,Running,M0054,96.49
39.92,1.69,1412,49.02,5.05,829.35,Running,M0055,92.5
42.59,1.65,1439,50.83,5.1,568.33,Running,M0056,92.22
38.43,1.31,1400,50.82,4.3,282.07,Running,M0057,98.18
41.51,1.65,1406,51.79,4.6,154.61,Running,M0058,91.82
41.14,1.66,1487,54.65,4.87,984.75,Running,M0059,94.32
43.35,1.68,1390,51.74,4.99,539.5,Running,M0060,91.42
43.1,1.95,1473,49.22,4.47,178.98,Running,M0061,91.76
42.45,1.62,1545,51.31,4.25,171.29,Running,M0062,91.21
37.59,1.11,1561,49.56,4.18,430.63,Running,M0063,97.72
37.19,1.45,1477,53.28,4.5,192.4,Running,M0064,96.19
44.38,1.82,1377,47.62,4.74,615.52,Running,M0065,90.59
42.76,1.81,1391,53.25,4.54,716.92,Running,M0066,90.06
43.92,2.05,1559,46.45,5.1,234.11,Running,M0067,89.84
36.34,1.12,1413,48.65,4.02,883.35,Running,M0068,98.45
37.79,1.37,1483,54.19,3.68,654.57,Running,M0069,98.36
43.27,1.7,1483,47.75,4.84,696.25,Running,M0070,90.84
53.57,3.44,1360,48.43,5.53,246.81,Maintenance,M0071,77.15
37.7,1.56,1444,53.77,4.11,740.74,Running,M0072,95.81
35.96,1.33,1400,52.5,3.94,733.98,Running,M0073,98.55
40.28,1.6,1444,54.85,4.24,214.17,Running,M0074,91.72
38.61,1.36,1587,48.26,4.28,404.44,Running,M0075,97.52
39.02,1.28,1583,46.35,4.83,357.08,Running,M0076,94.86
39.71,1.12,1570,48.21,4.7,761.18,Running,M0077,96.28
38.84,1.5,1444,54.35,4.44,854.57,Running,M0078,94.99
41.13,1.65,1574,51.61,4.15,458.24,Running,M0079,94.71
37.02,1.11,1484,46.71,4.09,312.5,Running,M0080,96.05
36.87,1.08,1488,48.95,3.74,229.44,Running,M0081,99.58
49.56,2.91,1426,54.21,5.1,512.47,Running,M0082,80.1
35.99,0.91,1581,48.75,4.4,878.53,Running,M0083,99.49
38.36,1.56,1392,53.18,4.72,600.38,Running,M0084,96.02
39.22,1.47,1485,50.05,4.95,996.94,Running,M0085,93.29
40.0,1.71,1471,48.13,4.82,469.19,Running,M0086,95.2
40.17,1.74,1383,51.09,4.3,743.06,Running,M0087,92.46
42.6,1.81,1523,53.42,5.01,244.44,Running,M0088,91.85
42.52,1.94,1413,53.74,4.42,515.49,Running,M0089,92.08
37.82,1.76,1527,47.53,4.87,955.52,Running,M0090,95.12
43.2,1.92,1522,50.58,4.42,931.69,Running,M0091,90.58
45.21,2.46,1541,47.99,5.07,597.53,Running,M0092,85.01
42.69,1.76,1381,46.14,4.54,710.54,Running,M0093,92.32
39.24,1.52,1436,53.79,4.41,703.48,Running,M0094,92.28
48.06,2.67,1382,45.16,5.32,1004.54,Running,M0095,84.59
39.85,1.68,1486,46.15,4.37,700.03,Running,M0096,96.01
39.69,1.27,1541,46.02,4.7,854.31,Running,M0097,96.11
34.24,0.79,1528,46.87,4.44,497.81,Running,M0098,99.17
39.42,1.04,1407,47.54,4.45,973.41,Running,M0099,96.78
36.1,1.42,1486,51.63,4.14,255.03,Running,M0100,98.21
36.72,1.54,1465,54.16,4.34,782.52,Running,M0001,96.66
40.98,1.46,1448,53.63,4.9,140.03,Running,M0002,94.75
37.33,1.6,1583,53.58,4.46,600.12,Running,M0003,95.49
37.68,1.56,1407,52.57,4.19,499.05,Running,M0004,96.69
39.04,1.5,1559,51.85,4.37,534.11,Running,M0005,95.28
38.85,1.49,1560,54.78,4.67,649.64,Running,M0006,96.08
37.57,1.47,1404,51.86,3.78,663.05,Running,M0007,98.01
48.7,2.83,1530,50.33,5.75,790.66,Running,M0008,82.4
40.51,1.66,1549,54.06,4.65,569.05,Running,M0009,92.86
35.51,0.94,1526,51.27,4.03,854.91,Running,M0010,98.67
37.83,1.15,1416,47.67,3.93,269.1,Running,M0011,96.62
38.51,1.63,1470,49.86,4.18,279.98,Running,M0012,95.13
37.73,1.31,1514,51.7,4.08,541.67,Running,M0013,95.44
43.54,1.69,1465,52.0,5.09,538.52,Running,M0014,90.5
36.2,1.47,1516,45.44,3.67,213.62,Running,M0015,98.18
34.79,0.99,1477,45.52,3.9,921.62,Running,M0016,97.94
35.02,1.25,1415,49.57,3.72,311.35,Running,M0017,97.7
41.78,1.55,1381,48.18,4.42,489.58,Running,M0018,92.28
35.12,1.15,1520,54.45,4.05,667.93,Running,M0019,98.98
43.77,1.77,1507,45.51,4.83,629.3,Running,M0020,91.04
51.44,3.14,1402,53.64,6.05,427.27,Running,M0021,80.45
51.65,3.07,1527,48.18,5.5,481.26,Maintenance,M0022,78.86
34.78,1.16,1427,48.11,4.36,477.16,Running,M0023,99.26
42.73,1.56,1573,48.95,4.37,774.19,Running,M0024,91.81
39.23,1.42,1458,49.1,4.07,314.97,Running,M0025,95.36
37.48,1.57,1501,52.53,3.9,727.22,Running,M0026,95.08
34.71,1.11,1556,50.91,4.44,185.68,Running,M0027,97.92
36.06,1.43,1539,47.63,3.98,313.03,Running,M0028,97.4
39.55,2.05,1431,50.03,4.69,919.41,Running,M0029,92.27
35.62,1.41,1563,52.0,4.29,897.07,Running,M0030,97.3
39.26,1.79,1395,45.61,4.28,300.27,Running,M0031,93.91
37.34,1.1,1518,48.33,3.85,654.67,Running,M0032,99.06
40.78,1.75,1455,49.07,4.47,792.85,Running,M0033,95.03
38.08,1.28,1399,54.76,4.62,659.79,Running,M0034,94.89
34.42,0.92,1579,51.15,4.43,309.22,Running,M0035,98.44
41.83,1.73,1399,46.06,4.35,929.68,Running,M0036,92.1
39.62,1.64,1458,54.23,4.61,922.9,Running,M0037,94.7
39.98,2.0,1570,49.21,4.74,362.72,Running,M0038,92.4
42.69,1.89,1435,45.97,4.47,512.52,Running,M0039,92.18
40.98,1.64,1400,47.34,4.17,943.58,Running,M0040,92.68
41.7,1.68,1490,45.03,5.06,913.8,Running,M0041,91.12
36.53,1.35,1558,51.38,4.22,491.38,Running,M0042,98.56
37.79,1.47,1545,49.44,4.51,218.17,Running,M0043,96.83
39.77,1.44,1578,49.29,4.8,841.3,Running,M0044,95.75
38.24,1.34,1512,53.44,3.89,578.05,Running,M0045,98.01
40.83,1.72,1515,52.42,4.81,788.65,Running,M0046,92.1
38.02,1.34,1512,54.79,4.25,467.03,Running,M0047,95.98
40.06,1.81,1431,50.95,4.8,925.88,Running,M0048,91.94
36.95,1.03,1469,52.72,4.49,441.02,Running,M0049,98.88
40.07,1.65,1461,52.38,4.62,166.67,Running,M0050,93.73
38.83,1.38,1430,46.3,3.77,292.03,Running,M0051,97.46
34.38,1.17,1559,50.49,3.71,399.44,Running,M0052,99.61
42.11,1.94,1383,47.88,4.68,164.33,Running,M0053,90.56
37.38,1.21,1428,48.73,4.26,492.55,Running,M0054,96.46
40.36,2.05,1455,54.18,4.5,830.35,Running,M0055,92.48
42.65,1.96,1415,54.65,5.03,569.33,Running,M0056,92.16
36.79,1.43,1465,52.86,3.74,283.07,Running,M0057,98.16
41.33,1.57,1394,46.43,5.05,155.61,Running,M0058,91.79
39.33,1.48,1384,53.31,4.75,985.75,Running,M0059,94.32
43.19,1.85,1562,50.2,4.42,540.5,Running,M0060,91.39
43.42,1.81,1455,53.64,5.11,179.98,Running,M0061,91.75
41.76,1.8,1472,46.4,5.12,172.29,Running,M0062,91.2
35.98,1.35,1501,45.99,4.64,431.63,Running,M0063,97.7
36.38,1.57,1394,46.34,3.83,193.4,Running,M0064,96.19
42.51,2.08,1496,54.15,4.86,616.52,Running,M0065,90.58
44.32,2.21,1537,54.68,5.11,717.92,Running,M0066,90.02
43.83,1.75,1416,49.36,5.11,235.11,Running,M0067,89.81
35.45,1.22,1477,47.65,4.32,884.35,Running,M0068,98.44
34.58,1.11,1437,47.12,4.01,655.57,Running,M0069,98.33
43.59,2.1,1411,51.79,5.07,697.25,Running,M0070,90.8
53.86,3.05,1483,52.85,6.13,247.81,Maintenance,M0071,77.11
37.95,1.69,1466,54.18,4.2,741.74,Running,M0072,95.79
34.71,1.4,1462,51.19,3.7,734.98,Running,M0073,98.52
41.66,1.92,1542,45.38,4.9,215.17,Running,M0074,91.68
36.17,1.28,1406,50.07,4.45,405.44,Running,M0075,97.51
37.99,1.82,1428,45.48,4.03,358.08,Running,M0076,94.81
38.74,1.18,1453,49.16,4.02,762.18,Running,M0077,96.27
40.79,1.71,1413,50.69,4.53,855.57,Running,M0078,94.93
41.11,1.57,1466,46.38,4.26,459.24,Running,M0079,94.65
38.92,1.15,1497,52.93,4.43,313.5,Running,M0080,96.04
34.0,0.8,1434,50.04,3.87,230.44,Running,M0081,99.56
50.82,2.78,1405,47.81,5.46,513.47,Running,M0082,80.09
34.72,1.3,1417,54.07,4.38,879.53,Running,M0083,99.45
39.35,1.25,1584,54.11,4.74,601.38,Running,M0084,95.98
41.11,1.85,1560,47.91,4.89,997.94,Running,M0085,93.28
39.31,1.58,1518,46.06,4.8,470.19,Running,M0086,95.2
40.57,1.66,1566,50.63,4.7,744.06,Running,M0087,92.45
42.93,1.98,1564,46.47,5.05,245.44,Running,M0088,91.82
40.9,1.86,1559,50.68,4.96,516.49,Running,M0089,92.07
38.08,1.59,1469,46.38,4.75,956.52,Running,M0090,95.07
42.82,1.73,1408,46.38,4.65,932.69,Running,M0091,90.58
47.01,2.24,1522,45.87,5.5,598.53,Running,M0092,85.01
42.77,1.96,1556,53.04,4.41,711.54,Running,M0093,92.31
41.07,1.9,1524,53.02,4.38,704.48,Running,M0094,92.24
48.28,2.33,1407,52.12,5.16,1005.54,Running,M0095,84.58
38.96,1.3,1440,52.61,4.22,701.03,Running,M0096,95.97
38.55,1.22,1493,48.59,4.44,855.31,Running,M0097,96.09
34.99,1.12,1554,53.27,3.62,498.81,Running,M0098,99.16
37.73,1.37,1481,49.56,4.68,974.41,Running,M0099,96.75
35.19,1.21,1467,47.55,4.46,256.03,Running,M0100,98.17
39.0,1.34,1438,53.17,3.86,783.52,Running,M0001,96.65
39.21,1.3,1411,45.52,4.04,141.03,Running,M0002,94.74
37.48,1.48,1455,54.4,4.85,601.12,Running,M0003,95.49
36.44,1.19,1554,53.35,4.56,500.05,Running,M0004,96.66
39.65,1.4,1548,49.54,4.08,535.11,Running,M0005,95.24
39.08,1.67,1474,51.61,4.16,650.64,Running,M0006,96.05
38.0,1.07,1545,48.36,4.06,664.05,Running,M0007,98.0
49.78,2.74,1532,45.34,5.31,791.66,Running,M0008,82.39
39.09,1.9,1429,51.25,4.8,570.05,Running,M0009,92.86
36.07,1.2,1448,53.99,3.68,855.91,Running,M0010,98.66
38.56,1.39,1421,53.55,3.94,270.1,Running,M0011,96.56
37.19,1.46,1420,51.48,4.26,280.98,Running,M0012,95.05
37.71,1.73,1552,45.3,4.72,542.67,Running,M0013,95.4
43.12,1.82,1411,47.63,4.47,539.52,Running,M0014,90.49
36.48,1.05,1500,51.35,4.06,214.62,Running,M0015,98.17
36.86,1.23,1478,46.81,3.91,922.62,Running,M0016,97.92
37.6,1.16,1454,47.03,3.69,312.35,Running,M0017,97.66
42.78,2.05,1421,48.12,4.68,490.58,Running,M0018,92.28
36.38,1.3,1557,50.16,3.82,668.93,Running,M0019,98.93
40.33,1.8,1378,47.46,4.39,630.3,Running,M0020,91.02
50.61,3.18,1534,49.19,5.68,428.27,Running,M0021,80.44
52.93,3.24,1436,47.65,5.69,482.26,Maintenance,M0022,78.86
42.43,1.82,1506,53.8,4.7,478.16,Running,M0023,91.82
39.83,1.81,1400,52.71,4.25,775.19,Running,M0024,91.78
48.32,2.64,1523,54.88,5.48,315.97,Running,M0025,85.26
38.65,1.37,1520,52.61,4.27,728.22,Running,M0026,95.07
34.8,1.21,1468,49.41,4.1,186.68,Running,M0027,97.92
38.39,1.38,1417,47.88,4.34,314.03,Running,M0028,97.37
39.31,1.63,1510,48.51,4.85,920.41,Running,M0029,92.26
37.85,0.98,1413,52.48,3.99,898.07,Running,M0030,97.29
40.29,1.54,1479,46.29,4.85,301.27,Running,M0031,93.86
36.12,0.94,1397,46.5,4.35,655.67,Running,M0032,99.02
37.78,1.47,1518,53.31,4.51,793.85,Running,M0033,95.03
37.43,1.36,1528,48.19,4.84,660.79,Running,M0034,94.87
35.11,0.94,1409,52.8,3.66,310.22,Running,M0035,98.39
39.9,1.64,1450,53.88,4.7,930.68,Running,M0036,92.09
37.25,1.7,1479,49.0,4.32,923.9,Running,M0037,94.7
42.19,1.6,1536,53.62,4.99,363.72,Running,M0038,92.37
42.01,1.68,1550,48.39,4.86,513.52,Running,M0039,92.15
41.68,1.81,1444,45.51,4.42,944.58,Running,M0040,92.66
42.68,1.82,1555,52.3,4.62,914.8,Running,M0041,91.12
37.49,0.92,1465,45.11,4.01,492.38,Running,M0042,98.54
35.98,1.44,1406,54.05,4.47,219.17,Running,M0043,96.81
39.17,1.67,1582,49.61,4.09,842.3,Running,M0044,95.71
37.89,0.98,1548,50.79,4.66,579.05,Running,M0045,97.99
41.58,1.57,1416,45.81,4.76,789.65,Running,M0046,92.07
37.61,1.14,1552,51.62,4.47,468.03,Running,M0047,95.97
39.82,1.64,1510,46.48,4.6,926.88,Running,M0048,91.94
36.24,0.89,1519,51.89,3.92,442.02,Running,M0049,98.85
39.51,1.66,1397,45.39,4.11,167.67,Running,M0050,93.72
35.93,0.97,1521,45.35,3.92,293.03,Running,M0051,97.43
35.58,0.86,1461,52.1,3.9,400.44,Running,M0052,99.6
42.4,1.78,1535,54.11,4.81,165.33,Running,M0053,90.52
39.37,1.63,1396,51.62,4.02,493.55,Running,M0054,96.42
40.6,1.76,1434,52.37,4.12,831.35,Running,M0055,92.47
39.73,1.55,1397,53.18,4.58,570.33,Running,M0056,92.09
38.39,1.3,1430,52.14,4.05,284.07,Running,M0057,98.15
41.64,1.63,1509,51.09,4.93,156.61,Running,M0058,91.72
40.19,1.66,1509,51.39,4.63,986.75,Running,M0059,94.32
42.58,1.74,1501,46.78,5.04,541.5,Running,M0060,91.37
42.25,1.8,1395,49.31,4.52,180.98,Running,M0061,91.74
40.55,1.71,1379,47.58,4.61,173.29,Running,M0062,91.19
38.82,1.03,1543,54.4,4.36,432.63,Running,M0063,97.65
37.41,1.45,1523,54.77,3.85,194.4,Running,M0064,96.18
42.6,2.07,1476,48.05,4.52,617.52,Running,M0065,90.58
42.91,1.83,1559,48.16,5.29,718.92,Running,M0066,89.97
44.46,2.21,1543,52.16,4.5,236.11,Running,M0067,89.77
35.64,1.08,1557,53.11,3.91,885.35,Running,M0068,98.38
35.3,1.12,1442,52.4,4.31,656.57,Running,M0069,98.29
41.12,1.95,1415,50.6,4.74,698.25,Running,M0070,90.75
54.36,3.02,1413,51.25,6.12,248.81,Maintenance,M0071,77.08
38.56,1.49,1472,54.97,4.68,742.74,Running,M0072,95.78
34.41,1.38,1459,54.96,3.63,735.98,Running,M0073,98.51
41.02,2.11,1458,48.88,4.34,216.17,Running,M0074,91.67
37.05,1.01,1576,45.87,3.84,406.44,Running,M0075,97.5
40.49,1.78,1421,53.1,4.27,359.08,Running,M0076,94.78
37.48,1.52,1498,51.76,4.05,763.18,Running,M0077,96.27
39.01,1.49,1386,48.01,4.07,856.57,Running,M0078,94.86
38.37,1.49,1532,47.15,4.12,460.24,Running,M0079,94.6
37.06,1.41,1415,52.21,4.27,314.5,Running,M0080,96.02
33.86,0.79,1595,51.57,3.95,231.44,Running,M0081,99.52
49.53,2.84,1446,48.02,5.33,514.47,Running,M0082,80.07
33.88,0.9,1423,51.71,3.71,880.53,Running,M0083,99.43
39.85,1.69,1441,47.84,3.98,602.38,Running,M0084,95.96
41.5,1.88,1394,52.96,4.44,998.94,Running,M0085,93.24
37.91,1.52,1552,45.27,4.55,471.19,Running,M0086,95.19
39.96,1.61,1462,48.96,4.23,745.06,Running,M0087,92.44
42.39,1.64,1530,54.11,4.22,246.44,Running,M0088,91.78
40.83,1.57,1519,45.44,4.96,517.49,Running,M0089,92.06
37.99,1.71,1413,54.71,4.62,957.52,Running,M0090,95.04
43.05,1.79,1468,53.54,4.78,933.69,Running,M0091,90.52
46.45,2.55,1484,52.21,5.35,599.53,Running,M0092,84.98
42.45,1.7,1410,54.16,4.76,712.54,Running,M0093,92.3
39.91,1.5,1378,48.91,5.11,705.48,Running,M0094,92.18
47.86,2.78,1551,50.18,5.31,1006.54,Running,M0095,84.56
36.74,1.3,1422,46.82,4.73,702.03,Running,M0096,95.95
37.25,1.63,1537,45.13,4.65,856.31,Running,M0097,96.08
36.76,1.38,1552,46.19,4.17,499.81,Running,M0098,99.13
39.47,1.2,1535,49.28,4.07,975.41,Running,M0099,96.73
36.4,1.05,1455,47.64,3.89,257.03,Running,M0100,98.16
35.71,1.04,1569,47.94,4.62,784.52,Running,M0001,96.64
41.03,1.41,1558,53.37,4.45,142.03,Running,M0002,94.73
38.96,1.69,1451,49.7,4.42,602.12,Running,M0003,95.47
36.89,1.37,1392,46.67,3.99,501.05,Running,M0004,96.66
39.76,1.52,1549,47.24,4.64,536.11,Running,M0005,95.21
38.2,1.42,1439,49.77,3.89,651.64,Running,M0006,96.02
36.46,1.15,1545,53.83,4.53,665.05,Running,M0007,97.99
50.1,2.76,1370,46.31,5.32,792.66,Running,M0008,82.38
41.23,1.53,1403,47.57,5.03,571.05,Running,M0009,92.85
36.41,1.02,1408,45.17,4.16,856.91,Running,M0010,98.63
36.94,1.48,1518,53.78,4.58,271.1,Running,M0011,96.55
39.43,1.74,1494,49.19,4.24,281.98,Running,M0012,95.01
37.86,1.41,1437,49.52,4.35,543.67,Running,M0013,95.38
43.39,1.94,1571,45.67,4.6,540.52,Running,M0014,90.48
35.17,1.18,1484,47.47,4.1,215.62,Running,M0015,98.15
37.34,1.0,1467,52.71,3.74,923.62,Running,M0016,97.92
36.27,1.17,1449,49.38,4.61,313.35,Running,M0017,97.62
41.48,1.97,1515,49.91,4.75,491.58,Running,M0018,92.28
34.38,1.24,1473,49.96,4.11,669.93,Running,M0019,98.92
41.19,1.96,1564,46.56,4.87,631.3,Running,M0020,90.99
51.61,3.14,1478,53.43,5.49,429.27,Running,M0021,80.43
50.64,3.36,1495,47.89,6.04,483.26,Maintenance,M0022,78.85
40.96,1.56,1494,46.7,4.21,479.16,Running,M0023,91.8
41.79,1.69,1386,52.67,5.06,776.19,Running,M0024,91.75
46.31,2.58,1368,50.11,5.33,316.97,Running,M0025,85.25
40.74,1.59,1466,50.77,4.26,729.22,Running,M0026,95.07
36.19,1.31,1520,46.62,3.72,187.68,Running,M0027,97.91
35.13,1.42,1447,54.35,3.98,315.03,Running,M0028,97.35
41.73,2.04,1425,49.78,4.7,921.41,Running,M0029,92.2
35.33,1.54,1465,46.5,4.25,899.07,Running,M0030,97.28
38.95,1.45,1579,47.17,4.63,302.27,Running,M0031,93.82
33.92,1.35,1463,54.36,4.34,656.67,Running,M0032,99.0
39.59,1.28,1421,53.53,4.48,794.85,Running,M0033,95.01
40.88,1.35,1401,51.72,4.16,661.79,Running,M0034,94.83
35.3,0.96,1438,45.94,4.05,311.22,Running,M0035,98.39
41.69,1.87,1459,51.24,4.64,931.68,Running,M0036,92.09
39.56,1.33,1392,54.62,4.13,924.9,Running,M0037,94.67
41.84,1.61,1476,54.96,4.53,364.72,Running,M0038,92.36
42.45,1.49,1498,45.05,5.08,514.52,Running,M0039,92.14
38.94,1.46,1416,47.47,4.17,945.58,Running,M0040,92.62
42.52,2.04,1513,53.01,4.72,915.8,Running,M0041,91.05
35.16,1.39,1509,47.81,4.45,493.38,Running,M0042,98.53
36.24,1.34,1477,50.7,3.96,220.17,Running,M0043,96.8
36.77,1.67,1437,54.93,4.02,843.3,Running,M0044,95.67
36.4,1.48,1554,51.78,3.79,580.05,Running,M0045,97.92
43.14,1.69,1495,50.71,4.5,790.65,Running,M0046,92.05
39.43,1.46,1543,48.29,4.28,469.03,Running,M0047,95.93
42.2,1.96,1566,48.44,5.05,927.88,Running,M0048,91.93
35.22,1.04,1455,49.81,4.11,443.02,Running,M0049,98.85
42.0,1.66,1574,48.43,4.51,168.67,Running,M0050,93.71
36.36,1.37,1514,46.99,3.85,294.03,Running,M0051,97.37
35.1,1.07,1410,50.03,3.86,401.44,Running,M0052,99.6
41.14,1.72,1484,51.81,4.29,166.33,Running,M0053,90.47
37.39,1.08,1393,52.99,4.54,494.55,Running,M0054,96.4
40.47,1.96,1391,47.78,4.22,832.35,Running,M0055,92.47
40.22,1.77,1556,48.0,4.18,571.33,Running,M0056,92.02
37.49,1.33,1465,48.3,4.18,285.07,Running,M0057,98.14
40.86,1.58,1439,54.99,4.82,157.61,Running,M0058,91.7
40.59,1.41,1566,48.16,4.29,987.75,Running,M0059,94.31
43.16,1.89,1562,52.33,4.98,542.5,Running,M0060,91.37
41.95,1.57,1453,48.16,4.92,181.98,Running,M0061,91.74
43.56,1.7,1445,48.79,4.48,174.29,Running,M0062,91.17
38.22,1.12,1527,46.84,4.07,433.63,Running,M0063,97.59
37.6,1.27,1397,54.86,4.37,195.4,Running,M0064,96.14
40.67,1.92,1433,45.22,5.04,618.52,Running,M0065,90.55
42.59,1.91,1533,52.78,4.84,719.92,Running,M0066,89.97
42.58,1.98,1526,52.8,4.49,237.11,Running,M0067,89.76
35.6,0.96,1580,51.44,4.35,886.35,Running,M0068,98.37
35.64,1.29,1416,47.04,3.82,657.57,Running,M0069,98.28
44.2,2.06,1481,50.43,4.99,699.25,Running,M0070,90.74
52.65,3.36,1384,45.26,6.03,249.81,Maintenance,M0071,77.07
40.2,1.19,1396,51.36,4.52,743.74,Running,M0072,95.78
35.35,1.14,1541,52.72,4.61,736.98,Running,M0073,98.47
42.59,1.81,1524,46.43,4.43,217.17,Running,M0074,91.66
38.46,1.51,1511,47.32,4.13,407.44,Running,M0075,97.48
37.87,1.7,1471,53.65,4.29,360.08,Running,M0076,94.73
38.54,1.3,1433,51.78,4.66,764.18,Running,M0077,96.26
39.74,1.8,1505,49.4,4.08,857.57,Running,M0078,94.82
41.25,1.3,1558,46.98,4.39,461.24,Running,M0079,94.55
38.35,1.28,1584,48.23,4.0,315.5,Running,M0080,96.0
34.58,0.87,1515,51.77,3.81,232.44,Running,M0081,99.51
50.35,2.98,1538,51.95,5.47,515.47,Running,M0082,80.04
37.23,0.8,1430,46.88,3.76,881.53,Running,M0083,99.43
37.51,1.24,1471,51.75,4.43,603.38,Running,M0084,95.94
41.6,1.84,1393,53.49,4.69,999.94,Running,M0085,93.21
40.67,1.41,1576,48.46,4.86,472.19,Running,M0086,95.16
41.25,1.87,1511,54.81,4.63,746.06,Running,M0087,92.44
40.05,2.08,1475,51.51,4.74,247.44,Running,M0088,91.73
39.87,1.85,1548,47.42,4.96,518.49,Running,M0089,92.04
39.33,1.67,1528,48.53,4.25,958.52,Running,M0090,95.02
41.34,1.85,1400,54.69,4.57,934.69,Running,M0091,90.48
45.97,2.48,1395,48.72,4.83,600.53,Running,M0092,84.94
42.95,1.68,1428,54.72,4.23,713.54,Running,M0093,92.3
43.02,1.96,1445,52.44,4.42,706.48,Running,M0094,92.16
46.56,2.35,1403,51.3,5.17,1007.54,Running,M0095,84.55
38.64,1.41,1405,49.31,3.89,703.03,Running,M0096,95.93
39.4,1.63,1572,49.03,4.23,857.31,Running,M0097,96.08
37.37,1.12,1427,46.12,3.89,500.81,Running,M0098,99.12
37.97,1.03,1497,51.43,4.08,976.41,Running,M0099,96.73
36.35,1.04,1436,53.74,4.14,258.03,Running,M0100,98.12
38.65,1.04,1555,53.4,3.97,785.52,Running,M0001,96.62
37.81,1.33,1552,51.37,4.28,143.03,Running,M0002,94.71
40.51,1.7,1499,51.33,4.6,603.12,Running,M0003,95.45
36.28,1.21,1520,48.18,4.49,502.05,Running,M0004,96.63
39.64,1.35,1506,51.69,4.08,537.11,Running,M0005,95.2
37.11,1.12,1455,45.96,4.15,652.64,Running,M0006,96.01
36.19,1.34,1407,51.95,4.39,666.05,Running,M0007,97.99
49.66,2.8,1354,49.72,5.35,793.66,Running,M0008,82.37
40.13,1.5,1398,51.73,4.47,572.05,Running,M0009,92.83
34.19,1.21,1480,48.78,3.86,857.91,Running,M0010,98.6
37.81,1.24,1436,47.16,4.73,272.1,Running,M0011,96.51
38.44,1.45,1560,45.37,3.92,282.98,Running,M0012,94.98
37.92,1.26,1411,54.76,4.78,544.67,Running,M0013,95.38
42.54,1.67,1437,48.07,5.04,541.52,Running,M0014,90.47
34.95,1.0,1464,47.39,4.28,216.62,Running,M0015,98.12
35.48,1.36,1568,48.39,3.77,924.62,Running,M0016,97.91
35.47,1.11,1450,53.73,3.75,314.35,Running,M0017,97.61
42.33,1.57,1446,45.44,4.37,492.58,Running,M0018,92.26
35.66,1.19,1432,51.75,4.54,670.93,Running,M0019,98.86
41.21,2.03,1453,54.58,4.57,632.3,Running,M0020,90.98
52.06,3.04,1536,48.6,5.54,430.27,Running,M0021,80.41
53.67,3.4,1465,49.86,5.67,484.26,Maintenance,M0022,78.85
43.46,2.0,1539,49.5,4.39,480.16,Running,M0023,91.79
41.15,1.89,1393,47.07,4.59,777.19,Running,M0024,91.72
45.17,2.33,1470,50.45,4.82,317.97,Running,M0025,85.2
39.52,1.27,1461,51.1,4.47,730.22,Running,M0026,95.06
34.97,0.97,1448,52.73,3.7,188.68,Running,M0027,97.89
37.26,1.37,1457,45.28,4.06,316.03,Running,M0028,97.35
40.46,1.92,1483,54.48,4.8,922.41,Running,M0029,92.17
36.69,0.98,1586,48.08,4.58,900.07,Running,M0030,97.28
41.69,1.82,1402,51.07,4.13,303.27,Running,M0031,93.82
37.16,1.1,1402,46.74,3.61,657.67,Running,M0032,98.96
37.46,1.31,1564,51.76,4.15,795.85,Running,M0033,95.01
37.69,1.68,1583,53.89,4.28,662.79,Running,M0034,94.81
43.2,2.35,1552,50.5,4.58,312.22,Running,M0035,88.5
40.61,1.51,1550,51.69,5.02,932.68,Running,M0036,92.06
38.93,1.7,1543,46.06,4.35,925.9,Running,M0037,94.64
39.34,2.03,1420,53.6,4.95,365.72,Running,M0038,92.32
39.34,1.91,1546,47.93,4.71,515.52,Running,M0039,92.12
40.86,1.54,1409,49.53,4.58,946.58,Running,M0040,92.58
44.02,2.09,1461,49.94,4.34,916.8,Running,M0041,91.04
34.36,0.9,1445,50.55,4.21,494.38,Running,M0042,98.51
38.3,1.62,1512,47.79,4.38,221.17,Running,M0043,96.78
40.31,1.57,1483,45.11,3.97,844.3,Running,M0044,95.62
37.21,1.23,1435,49.92,3.76,581.05,Running,M0045,97.88
41.89,1.64,1450,51.49,4.74,791.65,Running,M0046,92.05
38.93,1.4,1470,47.9,4.5,470.03,Running,M0047,95.9
40.09,2.09,1547,48.05,4.23,928.88,Running,M0048,91.92
37.35,1.05,1403,52.23,4.06,444.02,Running,M0049,98.85
51.54,3.28,1475,51.05,5.75,169.67,Maintenance,M0050,79.76
36.96,1.0,1527,49.43,4.68,295.03,Running,M0051,97.33
34.43,0.76,1504,46.11,3.81,402.44,Running,M0052,99.58
44.56,2.18,1476,51.55,4.95,167.33,Running,M0053,90.43
37.56,1.35,1426,45.82,4.67,495.55,Running,M0054,96.36
39.91,1.91,1516,46.56,5.06,833.35,Running,M0055,92.46
40.17,1.64,1377,51.78,4.16,572.33,Running,M0056,92.01
36.11,1.06,1525,49.99,4.63,286.07,Running,M0057,98.13
43.46,1.96,1567,53.94,5.16,158.61,Running,M0058,91.66
37.58,1.59,1489,46.54,4.45,988.75,Running,M0059,94.31
41.41,2.08,1554,48.48,5.18,543.5,Running,M0060,91.32
41.94,2.09,1461,51.62,4.63,182.98,Running,M0061,91.73
43.79,1.58,1397,48.02,4.83,175.29,Running,M0062,91.16
36.27,1.0,1465,48.45,4.62,434.63,Running,M0063,97.59
39.02,1.14,1556,52.03,4.42,196.4,Running,M0064,96.13
42.24,2.02,1423,45.45,4.66,619.52,Running,M0065,90.55
41.17,1.84,1471,53.59,4.7,720.92,Running,M0066,89.95
42.13,1.85,1398,48.33,4.89,238.11,Running,M0067,89.73
36.66,1.18,1586,46.52,3.66,887.35,Running,M0068,98.32
37.0,1.28,1421,50.64,4.3,658.57,Running,M0069,98.26
43.93,1.81,1372,51.87,5.15,700.25,Running,M0070,90.67
54.7,3.35,1388,54.57,6.23,250.81,Maintenance,M0071,77.05
39.09,1.18,1578,45.91,4.51,744.74,Running,M0072,95.76
36.41,1.14,1480,46.66,3.84,737.98,Running,M0073,98.46
39.79,1.97,1466,46.18,4.69,218.17,Running,M0074,91.62
36.27,1.25,1436,54.36,4.7,408.44,Running,M0075,97.48
39.95,1.32,1528,51.56,4.77,361.08,Running,M0076,94.66
36.97,1.12,1543,49.98,4.79,765.18,Running,M0077,96.22
39.31,1.29,1536,48.97,4.5,858.57,Running,M0078,94.75
38.21,1.48,1559,47.36,4.44,462.24,Running,M0079,94.47
39.08,1.2,1447,46.08,4.37,316.5,Running,M0080,96.0
36.5,1.3,1432,51.55,3.96,233.44,Running,M0081,99.5
52.49,2.72,1539,45.12,5.73,516.47,Running,M0082,80.02
36.44,0.83,1466,53.67,4.08,882.53,Running,M0083,99.42
37.8,1.44,1457,52.25,4.53,604.38,Running,M0084,95.86
41.96,1.52,1545,54.22,4.3,1000.94,Running,M0085,93.18
37.48,1.66,1508,49.78,4.84,473.19,Running,M0086,95.14
39.99,1.99,1481,46.08,4.78,747.06,Running,M0087,92.43
42.95,1.63,1391,52.0,4.88,248.44,Running,M0088,91.68
42.59,1.86,1549,53.57,5.05,519.49,Running,M0089,92.01
37.19,1.46,1484,52.9,4.63,959.52,Running,M0090,95.02
42.62,1.8,1433,51.29,4.52,935.69,Running,M0091,90.47
46.3,2.6,1539,52.19,5.39,601.53,Running,M0092,84.88
42.05,1.78,1563,54.5,4.47,714.54,Running,M0093,92.3
42.98,1.82,1491,53.24,4.97,707.48,Running,M0094,92.13
48.85,2.74,1506,51.45,5.54,1008.54,Running,M0095,84.54
37.66,1.43,1402,48.3,3.88,704.03,Running,M0096,95.92
37.42,1.28,1540,54.76,4.51,858.31,Running,M0097,96.06
36.19,1.11,1485,54.07,4.36,501.81,Running,M0098,99.12
37.89,1.15,1413,47.46,4.6,977.41,Running,M0099,96.72
37.21,1.04,1442,45.65,4.13,259.03,Running,M0100,98.07
